-- phpMyAdmin SQL Dump
-- version 3.5.2.2
-- http://www.phpmyadmin.net
--
-- Host: 127.0.0.1
-- Generation Time: Apr 24, 2016 at 05:02 PM
-- Server version: 5.5.27
-- PHP Version: 5.4.7

SET SQL_MODE="NO_AUTO_VALUE_ON_ZERO";
SET time_zone = "+00:00";


/*!40101 SET @OLD_CHARACTER_SET_CLIENT=@@CHARACTER_SET_CLIENT */;
/*!40101 SET @OLD_CHARACTER_SET_RESULTS=@@CHARACTER_SET_RESULTS */;
/*!40101 SET @OLD_COLLATION_CONNECTION=@@COLLATION_CONNECTION */;
/*!40101 SET NAMES utf8 */;

--
-- Database: `cmsdetroopers`
--

-- --------------------------------------------------------

--
-- Table structure for table `de_assetmedia`
--

CREATE TABLE IF NOT EXISTS `de_assetmedia` (
  `id` int(10) unsigned NOT NULL AUTO_INCREMENT,
  `stt` int(11) NOT NULL,
  `id_category` varchar(100) COLLATE utf8_unicode_ci NOT NULL DEFAULT '0',
  `ten_vi` varchar(255) COLLATE utf8_unicode_ci NOT NULL,
  `ten_en` varchar(255) COLLATE utf8_unicode_ci NOT NULL,
  `slug_vi` varchar(255) COLLATE utf8_unicode_ci NOT NULL,
  `slug_en` varchar(255) COLLATE utf8_unicode_ci NOT NULL,
  `mota_vi` varchar(255) COLLATE utf8_unicode_ci NOT NULL,
  `mota_en` varchar(255) COLLATE utf8_unicode_ci NOT NULL,
  `photo` varchar(150) COLLATE utf8_unicode_ci NOT NULL,
  `thumb` varchar(150) COLLATE utf8_unicode_ci NOT NULL,
  `hienthi` tinyint(4) NOT NULL,
  `noibat` tinyint(4) NOT NULL,
  `luotxem` int(11) NOT NULL,
  `created_at` timestamp NOT NULL DEFAULT '0000-00-00 00:00:00',
  `updated_at` timestamp NOT NULL DEFAULT '0000-00-00 00:00:00',
  PRIMARY KEY (`id`)
) ENGINE=InnoDB  DEFAULT CHARSET=utf8 COLLATE=utf8_unicode_ci AUTO_INCREMENT=92 ;

--
-- Dumping data for table `de_assetmedia`
--

INSERT INTO `de_assetmedia` (`id`, `stt`, `id_category`, `ten_vi`, `ten_en`, `slug_vi`, `slug_en`, `mota_vi`, `mota_en`, `photo`, `thumb`, `hienthi`, `noibat`, `luotxem`, `created_at`, `updated_at`) VALUES
(1, 1, '0', 'Testm', 'tsst', 'testm', '', '', '', '/uploads/assetmedia/gS5gL31sNJtv7u20dy86_Manchester-united-logo-wallpaper.jpg', 'packages/anahkiasen/illuminage/63a4a0757b9c7d430ea91622a4f8f475.jpg', 1, 1, 1, '0000-00-00 00:00:00', '2015-09-23 09:35:33'),
(2, 0, '0', 'Keep Clam and pick flower', '', 'keep-clam-and-pick-flower', '', '', '', '/uploads/assetmedia/WGTZSq3jOB5C4h9emSsv_keep_calm_10.jpg', 'packages/anahkiasen/illuminage/abd7dd4971d0bb80a3fadc04f4fbece0.jpg', 1, 1, 0, '2015-01-19 06:48:25', '2015-01-19 07:04:58'),
(3, 0, '0', 'Keep Clam and Have Fine Day', '', 'keep-clam-and-have-fine-day', '', '', '', '/uploads/assetmedia/SzHUVXapDs4Wi3SuszBY_keep_calm_04.jpg', 'packages/anahkiasen/illuminage/f82d7037064e823d63c60eacfa20a81f.jpg', 1, 1, 0, '2015-01-19 07:20:06', '2015-01-19 07:20:06'),
(7, 0, '0', 'Human crazy', '', 'human-crazy', '', '', '', '/uploads/assetmedia/85LvVjepOe67LQ89zUd1_3.png', 'packages/anahkiasen/illuminage/901cf9d94229b2bc3867e977f961340e.png', 1, 1, 0, '2015-01-22 08:58:00', '2015-01-22 08:58:00'),
(8, 0, '0', 'pattern 1', '', 'pattern-1', '', '', '', '/uploads/assetmedia/6gnkvSqPdY4MT4UqFpql_6.png', 'packages/anahkiasen/illuminage/8b3db5c66e0a7c7764d27669f63553ae.png', 1, 1, 0, '2015-01-23 19:08:07', '2015-01-23 19:08:09'),
(10, 0, '0', 'Khiên', '', 'khien', '', '', '', '/uploads/assetmedia/J3ZVbHpXDNHrHe5FNdGy_22.png', 'packages/anahkiasen/illuminage/e316f6988760b794863b79e7e57666ba.png', 1, 1, 0, '2015-01-23 19:12:33', '2015-01-23 19:12:33'),
(11, 0, '0', 'Brush đỏ', '', 'brush-do', '', '', '', '/uploads/assetmedia/UsbvDJLIEy3B1DThxtLl_24.png', 'packages/anahkiasen/illuminage/708667a2ed72bf8002b13b1a4fdfe84e.png', 1, 1, 0, '2015-01-23 19:18:55', '2015-01-23 19:18:56'),
(12, 0, '0', 'brush yellow', '', 'brush-yellow', '', '', '', '/uploads/assetmedia/ZtopmStWusg5oXbVHCSb_32.png', 'packages/anahkiasen/illuminage/ef5f514a55c32c1c737a5dd49ac68395.png', 1, 1, 0, '2015-01-23 19:24:25', '2015-01-23 19:24:25'),
(13, 0, '0', '', '', '', '', '', '', '/uploads/assetmedia/jeH2cdTl6jCFG7L1dSko_o6zc6ulmm9jr5qgk3g2kec0lbwzghxzn6gw5h8chwmd5q5filr.jpeg', 'packages/anahkiasen/illuminage/95dd0359fc133881f62130f8d2692060.jpeg', 1, 1, 0, '2015-01-23 19:28:24', '2015-01-23 19:28:25'),
(14, 0, '0', 'Lâu đài 1', '', 'lau-dai-1', '', '', '', '/uploads/assetmedia/9lDPc3VkMdl5ootI74wD_33.png', 'packages/anahkiasen/illuminage/82bf0118c1da5a077280e38e3f94f7b8.png', 1, 1, 0, '2015-01-23 19:33:10', '2015-01-23 19:33:10'),
(15, 0, '0', '', '', '', '', '', '', '/uploads/assetmedia/nDXVU3w1oht91B8DKc6c_10903794_388499624651842_7445727813130377084_o.jpg', 'packages/anahkiasen/illuminage/e72a4472ccd1372aa5bde2e719ad365f.jpg', 1, 1, 0, '2015-01-26 09:02:28', '2015-01-29 09:52:26'),
(25, 0, '0', '', '', '', '', '', '', '/uploads/assetmedia/Jv2EK2fTPRJfQdksfBXj_1ug9vus8v8qb0ygf8828p3oh9uyil5bo6b75o5gf9qcvvt7e81.png', 'packages/anahkiasen/illuminage/a43c4b5a269585798b06e9b58c9732fb.png', 1, 1, 0, '2015-01-29 10:00:54', '2015-01-29 10:00:54'),
(27, 0, '0', '', '', '', '', '', '', '/uploads/assetmedia/PulEjx7ur6w4s4RMYIHM_2hc4lba5x8jgnk3vl59nz839jqsndmzu1e8bin8d7jhujqs5hi.png', 'packages/anahkiasen/illuminage/90c00198f3a35fabee7a2b5214acaee5.png', 1, 1, 1, '2015-01-29 10:02:10', '2015-09-24 07:39:20'),
(29, 0, '0', '', '', '', '', '', '', '/uploads/assetmedia/HwQUm7x723c28R2cjhds_3jlt7f51b1yodnth8x5jpka85p0zz1x39ily8982m9c5ymp86e.png', 'packages/anahkiasen/illuminage/230345838c4b3c530e402fc85774ba44.png', 1, 1, 1, '2015-01-29 10:03:05', '2015-09-24 07:39:20'),
(32, 0, '0', '', '', '', '', '', '', '/uploads/assetmedia/5LzGRuKzRx4Qtdy7aavz_3lr75lb2gfy193p8zevywf1klo40p8msjwg3zfdalhakd6t3ta.png', 'packages/anahkiasen/illuminage/4f86ceaf0053a318b5a19829b697d234.png', 1, 1, 0, '2015-01-29 10:04:02', '2015-01-29 10:04:02'),
(36, 0, '0', '', '', '', '', '', '', '/uploads/assetmedia/E0ANeUGS525slqm1gn0R_5tsrskssapvws0o4wnz512o58l0je2fepod4biut6c1dxjtswl.png', 'packages/anahkiasen/illuminage/6e76cbca79c4b13ee4b28ebb7665ebe6.png', 1, 1, 0, '2015-01-29 10:06:32', '2015-01-29 10:06:33'),
(40, 0, '0', '', '', '', '', '', '', '/uploads/assetmedia/c0PRBEwd7zZNxPXXamhw_6vr2ed9wkodezfq8ydntwklhp7ti600r409yo3a5y5q82034rv.png', 'packages/anahkiasen/illuminage/af87e94f097b6d4929b92092b27eeebd.png', 1, 1, 0, '2015-01-29 10:13:15', '2015-01-29 10:13:15'),
(41, 0, '0', '', '', '', '', '', '', '/uploads/assetmedia/0x6T80m8rpbd1f1Mspxb_8a3hl0rh36873ur9a4hrff5dywaom0vf33e8eogcdk6tcgy4oy.png', 'packages/anahkiasen/illuminage/ffa3a23d1227beaa894a4de8c3768e47.png', 1, 1, 0, '2015-01-29 10:13:47', '2015-01-29 10:13:47'),
(42, 0, '0', '', '', '', '', '', '', '/uploads/assetmedia/jyiPkZx9yUeUqXzC84db_8yu5mja5dvfskps15c1em39l9tz369asas69m9nr5ze5z832gs.png', 'packages/anahkiasen/illuminage/fd37581c80e972a12278612a2d83f2ba.png', 1, 1, 0, '2015-01-29 10:14:12', '2015-01-29 10:14:13'),
(44, 0, '0', '', '', '', '', '', '', '/uploads/assetmedia/e1vR1CL4ciRnpnP2rA8G_9g3p12t5cyoikglsglgx98wcbasvvtwe0rnv0b2hbhatripo0a.png', 'packages/anahkiasen/illuminage/3c9429d56cb8d9b245854290c7c7590b.png', 1, 1, 3, '2015-01-29 10:15:49', '2015-10-11 08:37:10'),
(48, 0, '0', '', '', '', '', '', '', '/uploads/assetmedia/QiZT0cZe42OIjVLTlVBx_anrfr6gh4cax9ezlrmwbpohfumnp412kwjob7rpkcsfa3a4bxu.png', 'packages/anahkiasen/illuminage/b3489c517109ea269586a44271213b80.png', 1, 1, 0, '2015-01-31 00:02:40', '2015-01-31 00:02:41'),
(49, 0, '0', '', '', '', '', '', '', '/uploads/assetmedia/SSZkpm1tTI1D1rCIGzOp_azyfr1t2lfd93eldch81dqjv121hvsubtxklpktjufmh6ojfv0.jpeg', 'packages/anahkiasen/illuminage/72b2d03695a2fd24234208955d30ab9c.jpeg', 1, 1, 0, '2015-01-31 00:50:13', '2015-01-31 00:50:13'),
(50, 0, '0', '', '', '', '', '', '', '/uploads/assetmedia/hYYWT9xXirxxNhKoqlqs_b1x92hocp5opshg7x01txpgeiy6zw96jr1euy8oytvvzfpon26.png', 'packages/anahkiasen/illuminage/ffaf5ca2cba080161df04acc09801698.png', 1, 1, 0, '2015-01-31 00:53:29', '2015-01-31 00:53:30'),
(51, 0, '0', '', '', '', '', '', '', '/uploads/assetmedia/22cBhZ7hjmPos0grW9lb_crqzc0prxboslsye20b5gtwytsiusuq76eytx235fil8wqp3pj.png', 'packages/anahkiasen/illuminage/8faecd989d0ad98410aa3031c7931980.png', 1, 1, 0, '2015-01-31 00:55:02', '2015-01-31 00:55:02'),
(52, 0, '0', '', '', '', '', '', '', '/uploads/assetmedia/RxUXQKF34Irz6Lkn4J85_d2aqep4ek4h9e5luozq6j64x6xxyhkb4735djppy7nhszyjqaa.png', 'packages/anahkiasen/illuminage/d2078157abf75d615a6e7a8570cb5d3e.png', 1, 1, 0, '2015-01-31 00:56:11', '2015-01-31 00:56:11'),
(53, 0, '0', '', '', '', '', '', '', '/uploads/assetmedia/mciw8ZjDvduJ8GXNOdIb_dc4h3vmzlsqru6srj95j47jblymqcbz1soe3b6yrnizcmdavyn.png', 'packages/anahkiasen/illuminage/7f16ccde156d45807fbf60e8f21503fe.png', 1, 1, 0, '2015-01-31 00:57:07', '2015-01-31 00:57:07'),
(54, 0, '0', '', '', '', '', '', '', '/uploads/assetmedia/77xm3v938AcIxJVDDrfa_f7tgn3wzw0mankt043we1i5r1ns96oh1xltufv4yi7vutlysq5.png', 'packages/anahkiasen/illuminage/c1ebae3a1b5d6fa85ed86c1942a7c210.png', 1, 1, 0, '2015-01-31 01:42:18', '2015-01-31 01:42:18'),
(55, 0, '0', '', '', '', '', '', '', '/uploads/assetmedia/SF0uQrpEy3KkDRCLoxfx_f826yds2uctghblohhfptdn5eer3aqhvmqsew4ilxkt33ejt4n.png', 'packages/anahkiasen/illuminage/ca8ae519ae3c29c6382864c6643ccb57.png', 1, 1, 0, '2015-01-31 01:43:28', '2015-01-31 01:43:28'),
(57, 0, '0', '', '', '', '', '', '', '/uploads/assetmedia/PI3Hhren5TK3PHc4bo5e_lp2vigzipk3upz7u94hnb5pm7kgy2s6avhj21gr69awhn9by91.png', 'packages/anahkiasen/illuminage/bab3f0fc481bebcac48781c80c299580.png', 1, 1, 0, '2015-01-31 01:45:02', '2015-01-31 01:45:02'),
(58, 0, '0', '', '', '', '', '', '', '/uploads/assetmedia/3u8jb5H1bkgH4jFP937y_mqd85rarl2yf7cl0c9l4gjly4gwuwh57rjfbhn1ifzaap66r5d.png', 'packages/anahkiasen/illuminage/4f98d06b6b7a72ca6ab3b037bdb94ae1.png', 1, 1, 0, '2015-01-31 02:48:09', '2015-01-31 02:48:11'),
(59, 0, '0', '', '', '', '', '', '', '/uploads/assetmedia/h6Zuwxba60ZqgWC5jJSC_mzvc4yy1lceiyrojhrzapn24dwk0in2smhz57vzuab90brguvk.png', 'packages/anahkiasen/illuminage/bec9ec0b5ccbede3d44235fa484d743a.png', 1, 1, 0, '2015-01-31 02:51:19', '2015-01-31 02:51:20'),
(60, 0, '0', '', '', '', '', '', '', '/uploads/assetmedia/Oey7JyTHqcu5LhgAQYqz_qhq2upxznm46k9b99wpedic5xmrjgdgei0a63ttb7iexqzijoy.png', 'packages/anahkiasen/illuminage/ac1ed6328d2c72abd7bd801b2c5e9141.png', 1, 1, 0, '2015-01-31 02:59:31', '2015-01-31 02:59:31'),
(62, 0, '0', '', '', '', '', '', '', '/uploads/assetmedia/UL9TG485szEPNeNCdBx9_rp04g0r0au640hc1s4c40txx6ty5otq3juapxjxuwwo0eprj10.png', 'packages/anahkiasen/illuminage/329d941303f98a57b89b0ee00f156474.png', 1, 1, 2, '2015-01-31 03:28:39', '2015-09-24 07:37:35'),
(63, 0, '0', '', '', '', '', '', '', '/uploads/assetmedia/3dObxG8Bnpd3ApKELUva_rk4ccfb6x4k4e5fpfi00m00l8zvvd1ef5zna0odkot89jf7bxj.png', 'packages/anahkiasen/illuminage/f220e04959c17a021cb6721e42a47876.png', 1, 1, 3, '2015-01-31 03:29:06', '2016-03-28 08:32:53'),
(64, 0, '0', '', '', '', '', '', '', '/uploads/assetmedia/oXWkfojVEraqDVIs9ZDW_umstwz0yqn3xjmq11531jp8c2pjmdtz8p9wxfza5gbu12llh33.png', 'packages/anahkiasen/illuminage/e124cd386c43612872f7795fae5eae62.png', 1, 1, 2, '2015-01-31 10:40:22', '2015-09-24 07:37:35'),
(65, 0, '0', '', '', '', '', '', '', '/uploads/assetmedia/pu9CEZR5udIYanec3Yt2_VDLOVE01_44.jpg', 'packages/anahkiasen/illuminage/0b07afc64e4bec1f90547667dac3c6df.jpg', 1, 1, 0, '2015-01-31 10:41:44', '2015-01-31 10:41:45'),
(66, 0, '0', '', '', '', '', '', '', '/uploads/assetmedia/d26nqYapsnSJ8MYiU8ca_vnegcsre2fq925wfky61hfshzodjtw4x7cit8ti4ru9cip9s2v.png', 'packages/anahkiasen/illuminage/8549f7b0d95d272a4890d565d5342084.png', 1, 1, 0, '2015-01-31 10:42:14', '2015-01-31 10:42:14'),
(67, 0, '0', '', '', '', '', '', '', '/uploads/assetmedia/BqAjaELfh0PFSHclj0KT_zgazs38lwwq3qyrsgnsvtynjjsfsgpc75ntgsvl35sx93m7w0i.png', 'packages/anahkiasen/illuminage/43214e4d378afffc5c1e91cc5cdf82a7.png', 1, 1, 0, '2015-01-31 10:42:49', '2015-01-31 10:42:49'),
(69, 0, '0', '', '', '', '', '', '', '/uploads/assetmedia/mfBIQgbCbryz0lnpiuqQ_6F6eAzr.png', 'packages/anahkiasen/illuminage/22a27f39b05502f5ff7dd05584ffaf3e.png', 1, 1, 0, '2015-01-31 10:47:17', '2015-01-31 10:47:17'),
(70, 0, '0', '', '', '', '', '', '', '/uploads/assetmedia/ItOSogNDEKRP1Ro1QT3z_8Y6dQGb.jpg', 'packages/anahkiasen/illuminage/c22c9ad4612db76730acadec3759710f.jpg', 1, 1, 0, '2015-01-31 10:47:49', '2015-01-31 10:47:49'),
(71, 0, '0', '', '', '', '', '', '', '/uploads/assetmedia/qPe2aHzTOxOHE6H7egIQ_chDA7UY.png', 'packages/anahkiasen/illuminage/5d6622a74d9c05db371e176702faa294.png', 1, 1, 0, '2015-01-31 10:48:15', '2015-01-31 10:48:15'),
(72, 0, '0', '', '', '', '', '', '', '/uploads/assetmedia/9QLwslaHTDN6f3a0GodP_jGIGWOA.jpg', 'packages/anahkiasen/illuminage/fe6edf6e4fc8b289f3d0d5a1d88419a6.jpg', 1, 1, 0, '2015-01-31 10:48:46', '2015-01-31 10:48:47'),
(73, 0, '0', '', '', '', '', '', '', '/uploads/assetmedia/zCYTyMTAIVvEs6cfA8oM_NH1nLsV.png', 'packages/anahkiasen/illuminage/ec432700918b0eee0802e644e3ea063e.png', 1, 1, 0, '2015-01-31 10:49:12', '2015-01-31 10:49:13'),
(74, 0, '0', '', '', '', '', '', '', '/uploads/assetmedia/gozxLq5yedoXJaLHdxUq_CU0Ma3o.png', 'packages/anahkiasen/illuminage/93578fd0a78e32751eb493ebbc48c7fa.png', 1, 1, 0, '2015-01-31 10:50:09', '2015-01-31 10:50:09'),
(75, 0, '0', '', '', '', '', '', '', '/uploads/assetmedia/anXWTKMlRBWB4J9p3kuH_e5e6dqT.png', 'packages/anahkiasen/illuminage/acfe81f047db76cd27ddeba7d8106ebb.png', 1, 1, 0, '2015-01-31 10:59:13', '2015-01-31 10:59:13'),
(76, 0, '0', '', '', '', '', '', '', '/uploads/assetmedia/Esr05YiMvkWv53HdD6sC_r7Z09Ht.gif', 'packages/anahkiasen/illuminage/23894606d48f5f3ced8dacf24580e166.gif', 1, 1, 0, '2015-01-31 10:59:50', '2015-01-31 10:59:51'),
(77, 0, '0', '', '', '', '', '', '', '/uploads/assetmedia/uXMJc0T3BN8HZ6bk27ld_OzExPUf.png', 'packages/anahkiasen/illuminage/c5415c898beaa8166b252560936be88f.png', 1, 1, 0, '2015-01-31 11:00:39', '2015-01-31 11:00:39'),
(78, 0, '0', '', '', '', '', '', '', '/uploads/assetmedia/uAlqVxPh6IOOjxix2XAz_t85i8nntvjf9g56w58r66r2vv9dm06uu42fiyffojioh9aftqj.jpeg', 'packages/anahkiasen/illuminage/6d3822459df46f5f500b1e755d61e947.jpeg', 1, 1, 0, '2015-01-31 11:01:18', '2015-01-31 11:01:18'),
(80, 0, '0', '', '', '', '', '', '', '/uploads/assetmedia/v6gvQkNtBqGRh9zhhflD_130.png', 'packages/anahkiasen/illuminage/04dab1d795b0460b38cad87916e1cc7f.png', 1, 1, 0, '2015-02-09 10:07:24', '2015-02-09 10:07:24'),
(81, 0, '0', '', '', '', '', '', '', '/uploads/assetmedia/vmIjr722YVyknTlrrqAa_116.png', 'packages/anahkiasen/illuminage/4d1da32c68667a4d1d67676d9044ea8e.png', 1, 1, 0, '2015-02-09 10:10:28', '2015-02-09 10:10:28'),
(82, 0, '0', '', '', '', '', '', '', '/uploads/assetmedia/sjhAoznVuBDkt4FYkpoY_99.png', 'packages/anahkiasen/illuminage/0e9ea500496efc45541ef4268b9959dc.png', 1, 1, 0, '2015-02-09 10:12:40', '2015-02-09 10:12:40'),
(83, 0, '0', '', '', '', '', '', '', '/uploads/assetmedia/EqQK69wUof6gfZUDUsi3_mask.png', 'packages/anahkiasen/illuminage/8323990bb4754789b1d68e3315787675.png', 1, 1, 0, '2015-04-24 08:40:57', '2015-04-24 08:40:58'),
(84, 0, '0', '', '', '', '', '', '', '/uploads/assetmedia/9b983NRsTyh5L3jKIYla_bg4.png', 'packages/anahkiasen/illuminage/6a7d2f17133564703608ce5dd7ab070a.png', 1, 1, 0, '2015-04-24 09:25:38', '2015-04-24 09:25:38'),
(87, 0, '0', '', '', '', '', '', '', '/uploads/assetmedia/MNCmtB2LQYMrv5pptvhX_2.png', 'packages/anahkiasen/illuminage/894e56ce6e1719e4aa3e50af4abd1813.png', 1, 0, 0, '2015-04-26 09:43:28', '2015-04-26 09:43:30'),
(88, 0, '0', '', '', '', '', '', '', '/uploads/assetmedia/TKoW4M9vWoHLFskMeJPB_23.png', 'packages/anahkiasen/illuminage/37bc6a49bd9ad9d2f89878adde01d53c.png', 1, 0, 0, '2015-04-26 09:43:31', '2015-04-26 09:43:31'),
(89, 0, '0', '', '', '', '', '', '', '/uploads/assetmedia/ENGnkSvMU2er62ToE1wV_b1.png', 'packages/anahkiasen/illuminage/cbefc056e5014a0a4a17764773d195dc.png', 1, 0, 0, '2015-04-26 09:43:31', '2015-04-26 09:43:31'),
(90, 0, '0', '', '', '', '', '', '', '/uploads/assetmedia/fuvFdVOHM2iukaHR6GmY_b2.png', 'packages/anahkiasen/illuminage/aa8bd04d7086ffad8be888229008ef12.png', 1, 0, 0, '2015-04-26 09:43:32', '2015-04-26 09:43:32'),
(91, 0, '0', '', '', '', '', '', '', '/uploads/assetmedia/dIWF7PnV4kLMh53K8cwq_b3.png', 'packages/anahkiasen/illuminage/9fd150799e17c0fdd715e371cd1f9692.png', 1, 0, 0, '2015-04-26 09:43:32', '2015-04-26 09:43:32');

-- --------------------------------------------------------

--
-- Table structure for table `de_assetmedia_category`
--

CREATE TABLE IF NOT EXISTS `de_assetmedia_category` (
  `id_assetmedia` int(10) unsigned NOT NULL,
  `id_category` int(10) unsigned NOT NULL,
  PRIMARY KEY (`id_assetmedia`,`id_category`),
  KEY `de_assetmedia_category_id_category_foreign` (`id_category`)
) ENGINE=InnoDB DEFAULT CHARSET=utf8 COLLATE=utf8_unicode_ci;

--
-- Dumping data for table `de_assetmedia_category`
--

INSERT INTO `de_assetmedia_category` (`id_assetmedia`, `id_category`) VALUES
(1, 19),
(25, 20),
(27, 20),
(29, 20),
(32, 20),
(36, 20),
(40, 20),
(41, 20),
(42, 20),
(44, 20),
(48, 20),
(50, 20),
(51, 20),
(52, 20),
(53, 20),
(54, 20),
(55, 20),
(57, 20),
(58, 20),
(59, 20),
(60, 20),
(62, 20),
(63, 20),
(64, 20),
(65, 20),
(66, 20),
(67, 20),
(1, 21),
(2, 22),
(3, 22),
(8, 24),
(10, 24),
(11, 24),
(12, 24),
(13, 24),
(14, 24),
(49, 24),
(69, 24),
(70, 24),
(71, 24),
(72, 24),
(73, 24),
(74, 24),
(75, 24),
(76, 24),
(77, 24),
(78, 24),
(82, 24),
(83, 24),
(84, 24),
(87, 24),
(88, 24),
(89, 24),
(90, 24),
(91, 24),
(7, 25),
(80, 25),
(81, 25),
(15, 27);

-- --------------------------------------------------------

--
-- Table structure for table `de_category`
--

CREATE TABLE IF NOT EXISTS `de_category` (
  `id` int(10) unsigned NOT NULL AUTO_INCREMENT,
  `ten_vi` varchar(255) COLLATE utf8_unicode_ci NOT NULL,
  `ten_en` varchar(255) COLLATE utf8_unicode_ci NOT NULL,
  `slug_vi` varchar(255) COLLATE utf8_unicode_ci NOT NULL,
  `slug_en` varchar(255) COLLATE utf8_unicode_ci NOT NULL,
  `parent` int(11) NOT NULL,
  `hienthi` tinyint(4) NOT NULL,
  `title_seo_vi` varchar(255) COLLATE utf8_unicode_ci NOT NULL,
  `title_seo_en` varchar(255) COLLATE utf8_unicode_ci NOT NULL,
  `desc_seo_vi` varchar(255) COLLATE utf8_unicode_ci NOT NULL,
  `desc_seo_en` varchar(255) COLLATE utf8_unicode_ci NOT NULL,
  `keyword_seo_vi` varchar(255) COLLATE utf8_unicode_ci NOT NULL,
  `keyword_seo_en` varchar(255) COLLATE utf8_unicode_ci NOT NULL,
  `created_at` timestamp NOT NULL DEFAULT '0000-00-00 00:00:00',
  `updated_at` timestamp NOT NULL DEFAULT '0000-00-00 00:00:00',
  PRIMARY KEY (`id`)
) ENGINE=InnoDB  DEFAULT CHARSET=utf8 COLLATE=utf8_unicode_ci AUTO_INCREMENT=29 ;

--
-- Dumping data for table `de_category`
--

INSERT INTO `de_category` (`id`, `ten_vi`, `ten_en`, `slug_vi`, `slug_en`, `parent`, `hienthi`, `title_seo_vi`, `title_seo_en`, `desc_seo_vi`, `desc_seo_en`, `keyword_seo_vi`, `keyword_seo_en`, `created_at`, `updated_at`) VALUES
(3, 'Tin xã hội - thế giới', 'Mobile News', 'tin-xa-hoi-the-gioi', 'mobile-news', 17, 1, 'tin-dien-thoai', '', '', '', '', '', '0000-00-00 00:00:00', '2015-01-11 00:08:39'),
(4, 'Tin Hot Grils', 'Girl Hot News', 'tin-hot-grils', 'girls-news-hot', 3, 1, '', '', '', '', '', '', '0000-00-00 00:00:00', '2014-09-05 19:00:06'),
(14, 'Tin Công Nghệ Mới', '', 'tin-cong-nghe-moi', '', 3, 1, '', '', '', '', '', '', '2014-09-06 07:52:03', '2015-01-11 00:08:10'),
(17, 'Tin website', '', 'tin-website', '', 0, 1, '', '', '', '', '', '', '2014-09-09 20:04:50', '2015-01-17 10:29:56'),
(18, 'Hình ảnh template', '', 'hinh-anh-template', '', 0, 1, '', '', '', '', '', '', '2015-01-17 10:30:48', '2015-01-17 10:30:48'),
(19, 'Hình Football', '', 'hinh-football', '', 18, 1, '', '', '', '', '', '', '2015-01-17 10:31:41', '2015-01-17 10:31:41'),
(20, 'Hình sticker ', '', 'hinh-sticker', '', 18, 1, '', '', '', '', '', '', '2015-01-17 10:32:31', '2015-01-17 10:32:31'),
(21, 'Manchester United FC', '', 'manchester-united-fc', '', 19, 1, '', '', '', '', '', '', '2015-01-17 10:41:20', '2015-01-17 10:41:20'),
(22, 'Hình sologan', '', 'hinh-sologan', '', 18, 1, '', '', '', '', '', '', '2015-01-19 06:25:28', '2015-01-19 06:25:28'),
(24, 'Pattern', '', 'pattern', '', 18, 1, '', '', '', '', '', '', '2015-01-19 18:50:08', '2015-01-19 18:50:08'),
(25, 'People', '', 'people', '', 18, 1, '', '', '', '', '', '', '2015-01-22 08:56:19', '2015-01-22 08:56:19'),
(27, 'Marvel', '', 'marvel', '', 18, 1, '', '', '', '', '', '', '2015-01-29 09:45:56', '2015-01-29 09:45:56'),
(28, 'Trợ giúp', '', 'tro-giup', '', 0, 1, 'Trợ giúp', '', 'Trợ giúp', '', 'Trợ giúp', '', '2015-02-13 09:49:59', '2015-02-13 09:49:59');

-- --------------------------------------------------------

--
-- Table structure for table `de_color`
--

CREATE TABLE IF NOT EXISTS `de_color` (
  `id` int(10) unsigned NOT NULL AUTO_INCREMENT,
  `stt` int(11) NOT NULL,
  `ten_vi` varchar(255) COLLATE utf8_unicode_ci NOT NULL,
  `ten_en` varchar(255) COLLATE utf8_unicode_ci NOT NULL,
  `slug_vi` varchar(255) COLLATE utf8_unicode_ci NOT NULL,
  `slug_en` varchar(255) COLLATE utf8_unicode_ci NOT NULL,
  `hex` varchar(10) COLLATE utf8_unicode_ci NOT NULL,
  `deleted_at` timestamp NULL DEFAULT NULL,
  `created_at` timestamp NOT NULL DEFAULT '0000-00-00 00:00:00',
  `updated_at` timestamp NOT NULL DEFAULT '0000-00-00 00:00:00',
  PRIMARY KEY (`id`)
) ENGINE=InnoDB DEFAULT CHARSET=utf8 COLLATE=utf8_unicode_ci AUTO_INCREMENT=1 ;

-- --------------------------------------------------------

--
-- Table structure for table `de_colorproduct`
--

CREATE TABLE IF NOT EXISTS `de_colorproduct` (
  `id` int(10) unsigned NOT NULL AUTO_INCREMENT,
  `id_color` int(10) unsigned NOT NULL,
  `id_product` int(10) unsigned NOT NULL,
  PRIMARY KEY (`id`),
  UNIQUE KEY `de_colorproduct_id_color_id_product_unique` (`id_color`,`id_product`),
  KEY `de_colorproduct_id_product_foreign` (`id_product`)
) ENGINE=InnoDB DEFAULT CHARSET=utf8 COLLATE=utf8_unicode_ci AUTO_INCREMENT=1 ;

-- --------------------------------------------------------

--
-- Table structure for table `de_danhmucsanpham`
--

CREATE TABLE IF NOT EXISTS `de_danhmucsanpham` (
  `id` int(10) unsigned NOT NULL AUTO_INCREMENT,
  `stt` int(11) NOT NULL,
  `ten_vi` varchar(255) COLLATE utf8_unicode_ci NOT NULL,
  `ten_en` varchar(255) COLLATE utf8_unicode_ci NOT NULL,
  `slug_vi` varchar(255) COLLATE utf8_unicode_ci NOT NULL,
  `slug_en` varchar(255) COLLATE utf8_unicode_ci NOT NULL,
  `photo` varchar(255) COLLATE utf8_unicode_ci NOT NULL,
  `thumb` varchar(255) COLLATE utf8_unicode_ci NOT NULL,
  `parent` int(11) NOT NULL,
  `hienthi` tinyint(4) NOT NULL,
  `title_seo_vi` varchar(255) COLLATE utf8_unicode_ci NOT NULL,
  `title_seo_en` varchar(255) COLLATE utf8_unicode_ci NOT NULL,
  `desc_seo_vi` varchar(255) COLLATE utf8_unicode_ci NOT NULL,
  `desc_seo_en` varchar(255) COLLATE utf8_unicode_ci NOT NULL,
  `keyword_seo_vi` varchar(255) COLLATE utf8_unicode_ci NOT NULL,
  `keyword_seo_en` varchar(255) COLLATE utf8_unicode_ci NOT NULL,
  `deleted_at` timestamp NOT NULL DEFAULT CURRENT_TIMESTAMP ON UPDATE CURRENT_TIMESTAMP,
  `created_at` timestamp NOT NULL DEFAULT '0000-00-00 00:00:00',
  `updated_at` timestamp NOT NULL DEFAULT '0000-00-00 00:00:00',
  PRIMARY KEY (`id`)
) ENGINE=InnoDB  DEFAULT CHARSET=utf8 COLLATE=utf8_unicode_ci AUTO_INCREMENT=23 ;

--
-- Dumping data for table `de_danhmucsanpham`
--

INSERT INTO `de_danhmucsanpham` (`id`, `stt`, `ten_vi`, `ten_en`, `slug_vi`, `slug_en`, `photo`, `thumb`, `parent`, `hienthi`, `title_seo_vi`, `title_seo_en`, `desc_seo_vi`, `desc_seo_en`, `keyword_seo_vi`, `keyword_seo_en`, `deleted_at`, `created_at`, `updated_at`) VALUES
(1, 0, 'Design vỏ điện thoại (Design case phone)', '', 'design-vo-dien-thoai-design-case-phone', '', '/uploads/danhmuc/Yzq4FSGsQLJtwdvhnlzV_case.png', 'packages/anahkiasen/illuminage/46d8f964ddb5a431e4df41fd4211668c.png', 6, 1, 'Design vỏ điện thoại (Design case phone) - Vận chuyển toàn quốc', '', 'Design vỏ điện thoại (Design case phone) - Vận chuyển toàn quốc', '', 'Design vỏ điện thoại (Design case phone) - Vận chuyển toàn quốc', '', '2015-01-27 07:06:08', '2014-09-07 07:36:32', '2015-01-27 00:06:08'),
(6, 0, 'Create your own ', '', 'create-your-own', '', 'xqOXn8K7wuEZybGF0nFj_logo.jpg', 'packages/anahkiasen/illuminage/1bc3f3a687782fad81fd77832add8731.jpg', 0, 1, '', '', '', '', '', '', '2015-01-03 05:56:40', '2014-09-10 03:09:45', '2015-01-02 22:56:40'),
(9, 0, 'Design skin điện thoại (Design skin)', '', 'design-skin-dien-thoai-design-skin', '', '/uploads/danhmuc/Pw7oEGZ8lbvft8Du0ZSu_2o5gko1urz.png', 'packages/anahkiasen/illuminage/d36d2bbfeada3b9e156b8f38507519ef.png', 6, 1, '', '', '', '', '', '', '2015-01-27 07:02:23', '2015-01-26 22:32:29', '2015-01-27 00:02:23'),
(14, 0, 'Iphone', '', 'iphone', '', '/uploads/danhmuc/NhDlegeCfa8NAA0STcjM_2o5gko1urz.png', 'packages/anahkiasen/illuminage/c9f7062a4216f8a19a8240ad0be03650.png', 1, 1, '', '', '', '', '', '', '2015-01-27 07:14:17', '2015-01-27 00:14:17', '2015-01-27 00:14:17'),
(15, 0, 'Design Case Iphone 6', '', 'design-case-iphone-6', '', '/uploads/danhmuc/1xh2RyLugQSGEaOLzv60_6s.png', 'packages/anahkiasen/illuminage/e5588de8fe2a23e01555cd168c9e7114.png', 14, 1, '', '', '', '', '', '', '2015-01-27 09:19:23', '2015-01-27 00:14:56', '2015-01-27 02:19:23'),
(16, 0, 'Design Case Iphone 5s', '', 'design-case-iphone-5s', '', '/uploads/danhmuc/Rf86EM7JNtMMcO9z2Dnv_case6.png', 'packages/anahkiasen/illuminage/9cd326abd07d78e7015bab594b5b3ef0.png', 14, 1, '', '', '', '', '', '', '2015-01-27 09:19:01', '2015-01-27 00:15:17', '2015-01-27 02:19:01'),
(17, 0, 'Design case Iphone4', '', 'design-case-iphone4', '', '/uploads/danhmuc/NwV8A3q1uGtIYlCifmKe_6s.png', 'packages/anahkiasen/illuminage/45225efedf0fd051289da19a2710eaba.png', 14, 1, '', '', '', '', '', '', '2015-01-27 09:18:32', '2015-01-27 02:18:31', '2015-01-27 02:18:32'),
(18, 0, 'Skin Iphone 6', '', 'skin-iphone-6', '', '/uploads/danhmuc/BxNbL60eqQBBuNszmeQK_SKNHMLBNY01IPHN6P-PR-01.jpg', 'packages/anahkiasen/illuminage/0e58b8d657e09e9fe3d79a56ead53547.jpg', 21, 1, '', '', '', '', '', '', '2015-01-28 14:46:37', '2015-01-27 03:55:53', '2015-01-28 07:46:37'),
(19, 0, 'Skin iphone 5/5S', '', 'skin-iphone-55s', '', '/uploads/danhmuc/yDvRNCElFUrs7ILdGCqr_Untitled-1.png', 'packages/anahkiasen/illuminage/453b5ecaa7cd3f9f5459998c9da44ad2.png', 21, 1, '', '', '', '', '', '', '2015-01-28 14:47:50', '2015-01-27 03:56:10', '2015-01-28 07:47:50'),
(20, 0, 'Skin iphone 4', '', 'skin-iphone-4', '', '/uploads/danhmuc/RVFXZwtJ4t9CJhOrgOjz_6s.png', 'packages/anahkiasen/illuminage/4f1657ddbc78e41c1532fdd4b5eaad74.png', 21, 1, '', '', '', '', '', '', '2015-01-28 14:47:02', '2015-01-27 03:56:36', '2015-01-28 07:47:02'),
(21, 0, 'Design Skin Iphone', '', 'design-skin-iphone', '', '', '', 9, 1, '', '', '', '', '', '', '2015-01-28 14:45:59', '2015-01-28 07:45:59', '2015-01-28 07:45:59'),
(22, 0, 'Design Skin Cho Ipad', '', 'design-skin-cho-ipad', '', '', '', 9, 1, '', '', '', '', '', '', '2015-01-28 14:52:57', '2015-01-28 07:52:57', '2015-01-28 07:52:57');

-- --------------------------------------------------------

--
-- Table structure for table `de_facebook`
--

CREATE TABLE IF NOT EXISTS `de_facebook` (
  `id` varchar(200) COLLATE utf8_unicode_ci NOT NULL,
  `json_me` text COLLATE utf8_unicode_ci,
  `json_picture` varchar(500) COLLATE utf8_unicode_ci DEFAULT NULL,
  `created_at` timestamp NULL DEFAULT NULL ON UPDATE CURRENT_TIMESTAMP,
  `updated_at` timestamp NULL DEFAULT NULL,
  PRIMARY KEY (`id`)
) ENGINE=InnoDB DEFAULT CHARSET=utf8 COLLATE=utf8_unicode_ci;

--
-- Dumping data for table `de_facebook`
--

INSERT INTO `de_facebook` (`id`, `json_me`, `json_picture`, `created_at`, `updated_at`) VALUES
('1492336091077406', '{"id":"1492336091077406","name":"Phạm Văn Đồng","age_range":{"min":21},"gender":"male","email":"anhtuan.ssp@gmail.com","first_name":"Văn Đồng","last_name":"Phạm"}', '{"data":{"is_silhouette":true,"url":"https://fbcdn-profile-a.akamaihd.net/hprofile-ak-xpf1/v/t1.0-1/s200x200/10354686_10150004552801856_220367501106153455_n.jpg?oh=e4e8140d9f901cd6eed0b925a69b3a9e&oe=5671BF50&__gda__=1449242428_fb4b2315c645d6b49561d5d4589cbf66"}}', '2015-09-05 23:02:57', '2015-09-05 23:02:57'),
('970883879607313', '{"id":"970883879607313","name":"Tuan Truong","devices":[{"os":"Android"}],"age_range":{"min":21},"gender":"male","email":"truongatuanvn@yahoo.com.vn","first_name":"Tuan","last_name":"Truong"}', '{"data":{"is_silhouette":false,"url":"https://scontent.xx.fbcdn.net/hprofile-xlf1/v/t1.0-1/p200x200/16520_1040682072627493_8037652434770536832_n.jpg?oh=6dc71a45bcb39554b9962063138a5c2c&oe=57B8FCAA"}}', '2016-04-19 15:05:29', '2016-04-19 08:05:29');

-- --------------------------------------------------------

--
-- Table structure for table `de_gioithieu`
--

CREATE TABLE IF NOT EXISTS `de_gioithieu` (
  `id` int(10) unsigned NOT NULL AUTO_INCREMENT,
  `stt` int(11) NOT NULL,
  `ten_vi` varchar(255) COLLATE utf8_unicode_ci NOT NULL,
  `ten_en` varchar(255) COLLATE utf8_unicode_ci NOT NULL,
  `slug_vi` varchar(255) COLLATE utf8_unicode_ci NOT NULL,
  `slug_en` varchar(255) COLLATE utf8_unicode_ci NOT NULL,
  `mota_vi` varchar(255) COLLATE utf8_unicode_ci NOT NULL,
  `mota_en` varchar(255) COLLATE utf8_unicode_ci NOT NULL,
  `noidung_vi` text COLLATE utf8_unicode_ci NOT NULL,
  `noidung_en` text COLLATE utf8_unicode_ci NOT NULL,
  `photo` varchar(150) COLLATE utf8_unicode_ci NOT NULL,
  `thumb` varchar(150) COLLATE utf8_unicode_ci NOT NULL,
  `hienthi` tinyint(4) NOT NULL,
  `noibat` tinyint(4) NOT NULL,
  `luotxem` int(11) NOT NULL,
  `title_seo_vi` varchar(255) COLLATE utf8_unicode_ci NOT NULL,
  `title_seo_en` varchar(255) COLLATE utf8_unicode_ci NOT NULL,
  `desc_seo_vi` varchar(255) COLLATE utf8_unicode_ci NOT NULL,
  `desc_seo_en` varchar(255) COLLATE utf8_unicode_ci NOT NULL,
  `keyword_seo_vi` varchar(255) COLLATE utf8_unicode_ci NOT NULL,
  `keyword_seo_en` varchar(255) COLLATE utf8_unicode_ci NOT NULL,
  `created_at` timestamp NOT NULL DEFAULT '0000-00-00 00:00:00',
  `updated_at` timestamp NOT NULL DEFAULT '0000-00-00 00:00:00',
  `deleted_at` timestamp NULL DEFAULT NULL,
  PRIMARY KEY (`id`)
) ENGINE=InnoDB  DEFAULT CHARSET=utf8 COLLATE=utf8_unicode_ci AUTO_INCREMENT=7 ;

--
-- Dumping data for table `de_gioithieu`
--

INSERT INTO `de_gioithieu` (`id`, `stt`, `ten_vi`, `ten_en`, `slug_vi`, `slug_en`, `mota_vi`, `mota_en`, `noidung_vi`, `noidung_en`, `photo`, `thumb`, `hienthi`, `noibat`, `luotxem`, `title_seo_vi`, `title_seo_en`, `desc_seo_vi`, `desc_seo_en`, `keyword_seo_vi`, `keyword_seo_en`, `created_at`, `updated_at`, `deleted_at`) VALUES
(1, 0, 'Giới thiệu Website', '', 'gioi-thieu-website', '', 'Sinh năm 1990, Shin Se Kyung được xem là ngôi sao trẻ nổi tiếng qua nhiều bộ phim truyền hình và điện ảnh. Tuy nhiên, cũng không ít fan tỏ ra khó chịu với hình tượng nhân vật nữ chính mà Shin Se Kyung từng thủ vai trong drama Khi người đàn ông yêu, đóng c', '', 'Sinh năm 1990, Shin Se Kyung được xem là ngôi sao trẻ nổi tiếng qua nhiều bộ phim truyền hình và điện ảnh. Tuy nhiên, cũng không ít fan tỏ ra khó chịu với hình tượng nhân vật nữ chính mà Shin Se Kyung từng thủ vai trong drama Khi người đàn ông yêu, đóng cặp cùng Song Seung Heon.\r\n\r\nVai diễn mới nhất của kiều nữ 9X này nằm trong bộ phim điện ảnh Tazza: Bàn tay của chúa, phần 2. Trong phim, nữ diễn viên trẻ không ngại đóng cảnh nóng thật với việc để lộ vòng ba trên màn ảnh.\r\n\r\nHai kiều nữ 9X sẵn sàng đóng cảnh "nóng" thật - 1\r\n\r\nShin Se Kyung tự mình đóng cảnh nóng lộ vòng ba mà không cần diễn viên đóng thế.\r\n\r\nChia sẻ về cảnh quay này, Shin Se Kyung cho biết, đúng là cô đã tự mình đóng cảnh nude mà không cần đến diễn viên đóng thế.\r\n\r\n“Khi đọc kịch bản gốc, tôi hiểu rằng đó là một chi tiết quan trọng. Là một điểm trọng tâm trong phim nên tôi không thể nào lảng tránh”, Shin Se Kyung giải thích. “Tôi không cảm thấy gánh nặng khi đóng cảnh này. Tôi đã chuẩn bị rất nhiều. Những gì tôi nhớ về cảnh quay là khi đó tôi rất đói, bụng kêu lục đục. Tôi muốn thể hiện một hình ảnh hoàn toàn mới của bản thân mình”.\r\n\r\nNói về vai diễn Mina trong phần 2 của Tazza, Shin Se Kyung tự mình nhận xét về nhân vật này: “Đó là một cô gái tạo ra cơ hội tốt nhất giúp anh chàng Dae Gil – nhân vật chính trong phim”.\r\n\r\nHai kiều nữ 9X sẵn sàng đóng cảnh "nóng" thật - 2\r\n\r\nHai diễn viên trẻ T.O.P và Shin Se Kyung thành một cặp đôi trong phần 2 của phim Tazza\r\n\r\nBộ phim về đề tài sòng bài này xoay quanh cuộc đấu trí giữa các nhóm chơi bài, trong đó Mina (Shin Se Kyung) về phe của Dae Gil (T.O.P). Trong phim, hai ngôi sao trẻ T.O.P và Shin Se Kyung đều có một cảnh khỏa thân ngắn.\r\n\r\n“Bầu không khí khi đó khá thân thiện và độc đáo. Có một nhóm người đàn ông khỏa thân trong cảnh này. Chúng tôi không quen với điều đó. Vì vậy chúng tôi thậm chí không thể nhìn nhau trực tiếp trong lúc máy quay ghi hình. Các nữ diễn viên cũng nude nên chúng tôi không biết mình nên nhìn đi đâu cho phải”, Shin Se Kyung nói.\r\n\r\nLim Ji Yeon\r\n\r\nLà một gương mặt mới trên màn ảnh rộng xứ Hàn nhưng khi đóng cặp cùng Song Seung Heon trong phim điện ảnh 19+ Human Addiction, tên tuổi của Lim Ji Yeon ngay lập tức được chú ý.\r\n\r\nNgôi sao 9X mang nhiều nét thanh mảnh, dịu dàng này lại rất táo bạo trong những cảnh nóng tay đôi với tiền bối.\r\n\r\nHai kiều nữ 9X sẵn sàng đóng cảnh "nóng" thật - 3\r\n\r\nLim Ji Yeon mỏng manh trên tạp chí Instlyle.\r\n\r\nTrong câu chuyện tình yêu giữa một đại tá trong quân đội Hàn và vợ của thuộc hạ, Lim Ji Yeon phải quay cảnh giường chiếu. Vào thời điểm trước khi phim ra rạp, qua trailer 19+, người xem đã phần nào cảm nhận được độ nóng của những cảnh “yêu” giữa Lim Ji Yeon và Song Seung Heon.', '', '/uploads/gioithieu/GpnjTSZ4Ekke6plePqTb_caf_580_©eliannalev.jpg', 'packages/anahkiasen/illuminage/9f0d285544074de8a55f117f611a2e45.jpg', 1, 1, 10, 'Giới thiệu Website', '', 'Giới thiệu Website', '', 'Giới thiệu Website', '', '0000-00-00 00:00:00', '2014-09-05 22:39:12', NULL),
(2, 0, '10 mỹ nam phản diện trong thế giới siêu anh hùng', '', '10-my-nam-phan-dien-trong-the-gioi-sieu-anh-hung', '', 'Đã qua cái thời nhân vật phản diện phải xấu xí, dị hợm, đáng ghét. Các ác nhân trong dòng phim siêu anh hùng hiện đại ngày nay có độ hấp dẫn lạ thường.', '', 'Frank Grillo (Brock Rumlow trong Captain America: The Winter Soldier): Tuy không còn ở độ tuổi trẻ trung như nhiều diễn viên khác của thế giới phim siêu anh hùng (51 tuổi), Frank Grillo vẫn gây được ấn tượng bởi khuôn mặt đẹp, nam tính đậm chất Ý và hình thể săn chắc đáng ngưỡng mộ.\r\nAnh từng góp mặt trong nhiều tác phẩm truyền hình lẫn điện ảnh nổi tiếng như Prison Break, Blind Justice, Warrior,Zero Dark Thirty… và mới đây nhất là vai phản diện Brock Rumlow trong Captain America: The Winter Soldier. Vai diễn này không quá thử thách đối với khả năng của Grillo nhưng anh vẫn khiến người xem chú ý bởi tạo hình cực “ngầu” cùng phong cách diễn xuất tự nhiên, trơn tru. Nhân vật này được cho là sẽ trở thành ác nhân Crossbones trong các bộ phim tiếp theo của Marvel.\r\nBằng sự lịch lãm, quyến rũ điển hình của một “quý ông người Anh”, Matthew Goode khắc họa thành công nhân vật Ozymandias - một siêu anh hùng được mệnh danh là “người đàn ông thông minh nhất hành tinh” nhưng sau đó đã biến thành nhân vật phản diện vì lý tưởng của chính hắn.', '', '/uploads/gioithieu/kQy8oQsY2fNNALDTn8uo_logo.png', 'packages/anahkiasen/illuminage/bad870e3ef74a804b84899c7b7eb2e73.png', 1, 1, 0, '', '', '', '', '', '', '0000-00-00 00:00:00', '2014-09-05 23:02:57', NULL),
(3, 0, 'Tưng bừng khuyến mãi nhân dip khai truong trang web', '', 'tung-bung-khuyen-mai-nhan-dip-khai-truong-trang-web', '', 'Contrary to popular belief, Lorem Ipsum is not simply random text. It has roots in a piece of classical Latin literature from 45 BC, making it over 2000 years old. Richard McClintock, a Latin professor at Hampden-Sydney College in Virginia, looked up one ', '', 'Contrary to popular belief, Lorem Ipsum is not simply random text. It has roots in a piece of classical Latin literature from 45 BC, making it over 2000 years old. Richard McClintock, a Latin professor at Hampden-Sydney College in Virginia, looked up one of the more obscure Latin words, consectetur, from a Lorem Ipsum passage, and going through the cites of the word in classical literature, discovered the undoubtable source. Lorem Ipsum comes from sections 1.10.32 and 1.10.33 of "de Finibus Bonorum et Malorum" (The Extremes of Good and Evil) by Cicero, written in 45 BC. This book is a treatise on the theory of ethics, very popular during the Renaissance. The first line of Lorem Ipsum, "Lorem ipsum dolor sit amet..", comes from a line in section 1.10.32.\r\n\r\nThe standard chunk of Lorem Ipsum used since the 1500s is reproduced below for those interested. Sections 1.10.32 and 1.10.33 from "de Finibus Bonorum et Malorum" by Cicero are also reproduced in their exact original form, accompanied by English versions from the 1914 translation by H. Rackham.', '', '/uploads/gioithieu/0pWfcvX8Uge6lvVcBe6t_473710-grindhouse-coffee-shop.jpg', 'packages/anahkiasen/illuminage/7ae5d0a9a768b85ac44a006144d998e1.jpg', 1, 1, 0, '', '', '', '', '', '', '2014-09-06 05:39:17', '2014-09-06 05:40:31', NULL),
(4, 0, '', '', '', '', '', '', '', '', '', '', 1, 1, 0, '', '', '', '', '', '', '2014-09-17 21:05:35', '2014-09-17 23:15:58', '2014-09-17 23:15:58'),
(5, 0, '', '', '', '', '', '', '', '', '', '', 1, 1, 0, '', '', '', '', '', '', '2014-09-17 21:05:36', '2014-09-17 23:16:05', '2014-09-17 23:16:05'),
(6, 0, '', '', '', '', '', '', '', '', '', '', 1, 1, 0, '', '', '', '', '', '', '2014-09-17 21:05:39', '2014-09-17 23:16:12', '2014-09-17 23:16:12');

-- --------------------------------------------------------

--
-- Table structure for table `de_media`
--

CREATE TABLE IF NOT EXISTS `de_media` (
  `id` int(10) unsigned NOT NULL AUTO_INCREMENT,
  `src` varchar(255) COLLATE utf8_unicode_ci NOT NULL,
  `thumb` varchar(255) COLLATE utf8_unicode_ci NOT NULL,
  `title_vi` varchar(255) COLLATE utf8_unicode_ci NOT NULL,
  `caption_vi` varchar(255) COLLATE utf8_unicode_ci NOT NULL,
  `description_vi` varchar(255) COLLATE utf8_unicode_ci NOT NULL,
  `alt_vi` varchar(255) COLLATE utf8_unicode_ci NOT NULL,
  `title_en` varchar(255) COLLATE utf8_unicode_ci NOT NULL,
  `caption_en` varchar(255) COLLATE utf8_unicode_ci NOT NULL,
  `description_en` varchar(255) COLLATE utf8_unicode_ci NOT NULL,
  `alt_en` varchar(255) COLLATE utf8_unicode_ci NOT NULL,
  `created_at` timestamp NOT NULL DEFAULT '0000-00-00 00:00:00',
  `updated_at` timestamp NOT NULL DEFAULT '0000-00-00 00:00:00',
  PRIMARY KEY (`id`)
) ENGINE=InnoDB  DEFAULT CHARSET=utf8 COLLATE=utf8_unicode_ci AUTO_INCREMENT=173 ;

--
-- Dumping data for table `de_media`
--

INSERT INTO `de_media` (`id`, `src`, `thumb`, `title_vi`, `caption_vi`, `description_vi`, `alt_vi`, `title_en`, `caption_en`, `description_en`, `alt_en`, `created_at`, `updated_at`) VALUES
(3, '/uploads/sanpham/6vEHgvIxHtBZ8Hd0iYyD_tropical_beach_ocean_custom_iphone_case-rf43fa43c01d74ffda39e43b926263f82_80cs8_8byvr_324.jpg', 'packages/anahkiasen/illuminage/3677f00c11e7cabd4598829bfdd8dd4e.jpg', 'Handmade - Túi Ipad mini Air', 'Handmade - Túi Ipad mini Air', '', 'Handmade - Túi Ipad mini Air', '', '', '', '', '2014-09-11 02:13:18', '2014-09-11 02:13:18'),
(5, '/uploads/tintuc/JiLNhDXezA0InH9A3641_Ronaldo.jpg', 'packages/anahkiasen/illuminage/027ca9153c2cb2a6c02cf9846d20f4fd.jpg', 'Theo tờ Daily Mail, CR7 muốn nhận mức lương 500000 bảng/tuần để chuyển tới thi đấu cho Man Utd hoặc Chelsea.', 'Theo tờ Daily Mail, CR7 muốn nhận mức lương 500000 bảng/tuần để chuyển tới thi đấu cho Man Utd hoặc Chelsea.', '', 'Theo tờ Daily Mail, CR7 muốn nhận mức lương 500000 bảng/tuần để chuyển tới thi đấu cho Man Utd hoặc Chelsea.', '', '', '', '', '2014-09-14 00:01:53', '2014-09-14 00:01:53'),
(6, '/uploads/sanpham/5AcleI62cw2AhMrdGAK0_vintage_owl_iphone_6_case-re94d185e07e649479a2cadcedafb5f50_zzs90_324.jpg', 'packages/anahkiasen/illuminage/20c3c7bdb40c95b139a53341224ef358.jpg', 'Miếng dán màn hình Iphone 5S', 'Miếng dán màn hình Iphone 5S', '', 'Miếng dán màn hình Iphone 5S', '', '', '', '', '2014-09-14 01:21:19', '2014-09-14 01:21:19'),
(7, '/uploads/4v1bRaGxyxqUcaQVwQ3E_tropical_beach_ocean_custom_iphone_6_case_iphonecase-r9a26dc0b18554f189f62af3a4f668f19_zz0f5_324.jpg', 'packages/anahkiasen/illuminage/509428ce46eb8bf762874aefa7914c1f.jpg', 'Case iphone Supper Hero 62', 'Case iphone Supper Hero 6', '', 'Case iphone Supper Hero 6', '', '', '', '', '2014-09-14 02:02:38', '2014-09-14 07:32:16'),
(8, '/uploads/sanpham/b2CxkpfXLNsTVlHckXhf_electric_purple_iphone_6_case-r1511a0b252ec48b89ad3129bc4b94e7b_zzs90_324.jpg', 'packages/anahkiasen/illuminage/492fdbcb97289ed59e8c831ec00323ba.jpg', 'Case iphone Supper Hero 6', 'Case iphone Supper Hero 6', '', 'Case iphone Supper Hero 6', '', '', '', '', '2014-09-14 07:32:41', '2014-09-14 07:32:41'),
(21, '/uploads/nhasanxuat/KqxMGHS3Rez5s0ATTLyp_download (2).jpg', 'packages/anahkiasen/illuminage/18eaaf07ef24d8271732c505624f79f4.jpg', 'SKY PANTECH', 'SKY PANTECH', '', '', '', '', '', '', '2014-09-16 08:39:42', '2014-09-16 08:39:42'),
(22, '/uploads/nhasanxuat/BRmRLzI7XZI5g3VID7Dz_download (1).jpg', 'packages/anahkiasen/illuminage/318a6c12dc982651e46f740bf89ab207.jpg', 'SAMSUNG', 'SAMSUNG', '', '', '', '', '', '', '2014-09-16 08:40:07', '2014-09-16 08:40:07'),
(30, '/uploads/sanpham/jxXbOVEkxKb3oLEHfl1d_telephotolens-263104.jpg', 'packages/anahkiasen/illuminage/1caac81adc39486430e0559f6ef48c0d.jpg', 'sadsadad', 'dasdsadsad', '', 'dasdasdsadda', '', '', '', '', '2014-09-21 09:08:02', '2014-09-21 09:08:02'),
(31, '/uploads/sanpham/ieq5dveSXnB6Pvur7gjS_chocolate_brown_vintage_leather_look_iphone_case-rf6aaa062323c49d293bfed5e73d0fc36_vx34w_8byvr_324.jpg', 'packages/anahkiasen/illuminage/8d61d0b4aa4b63539391f2575359239c.jpg', 'dsadddd', 'dsadsad', '', 'dsadasdad', '', '', '', '', '2014-09-21 09:13:17', '2014-09-21 09:13:17'),
(32, '/uploads/sanpham/Ezg2gzrrb5YdDxTviyKt_Eric Carmon.png', 'packages/anahkiasen/illuminage/763219d718372e2d32ed872eab182baf.png', 'Test', 'Test', '', 'Test', '', '', '', '', '2014-09-21 09:18:17', '2014-09-21 09:18:17'),
(34, '/uploads/sanpham/jWK5qROeuIcXOl7uZ0Fl_pin-du-phong-power-bank.jpg', 'packages/anahkiasen/illuminage/783750ee84cf008a47a94e1b92f50d51.jpg', 'Test tin tuc 2', '', '', '', '', '', '', '', '2014-09-21 09:21:44', '2014-09-21 09:21:44'),
(35, '/uploads/sanpham/qacG0GSijPOqb1cIyNJd_logo.jpg', 'packages/anahkiasen/illuminage/8002c20fbbde4f7f179f5dd2b97296c7.jpg', 'Mặt Trước', 'Mặt Trước Iphone', '', 'Mặt Trước Iphone', '', '', '', '', '2014-09-22 07:57:41', '2014-09-22 07:57:41'),
(38, '/uploads/sanpham/PtViSlLywiYYJvRz97ha_tải xuống.png', 'packages/anahkiasen/illuminage/bb374da81b6cedfab1833a70229be804.png', 'Tạo case cho Iphone 5S', 'Tạo case cho Iphone 5S', '', 'Tạo case cho Iphone 5S', '', '', '', '', '2015-01-15 08:01:00', '2015-01-15 08:01:00'),
(42, '/uploads/sanpham/MG9uZEiP262JK4UrsPeB_tmplcase5-type1.jpg', '\\/packages/anahkiasen/illuminage/c4a82071109c4828ea3d0e6a922a069f.jpg', 'Tạo case cho Iphone 5S', 'Tạo case cho Iphone 5S', '', 'Tạo case cho Iphone 5S', '', '', '', '', '2015-01-16 23:50:22', '2015-01-16 23:50:22'),
(43, '/uploads/sanpham/obU9WPpzqxrbnmFQilxZ_shirt.png', '/packages/anahkiasen/illuminage/ba5ca5dbe6df19bac610ee236e8ce7cf.png', 'Desgin Áo thun', 'Desgin Áo thun', '', 'Desgin Áo thun', '', '', '', '', '2015-01-16 23:54:56', '2015-01-16 23:54:56'),
(44, '/uploads/sanpham/qRYbCiyZOXmp3utPGzGj_shirt-mask.png', 'packages/anahkiasen/illuminage/99d62cdeb5f11cebc88928dd97c6fc01.png', 'Desgin Áo thun', 'Desgin Áo thun', '', 'Desgin Áo thun', '', '', '', '', '2015-01-16 23:55:06', '2015-01-16 23:55:06'),
(46, '/uploads/sanpham/qn67ovzYjyaWamLqIBWU_tmpiphone6-mask.jpg', 'packages/anahkiasen/illuminage/ce1c7b501fd3a79090f049354c8fe90c.jpg', 'Tự thiết kế vỏ Iphone 6', 'Tự thiết kế vỏ Iphone 6', '', 'Tự thiết kế vỏ Iphone 6', '', '', '', '', '2015-01-17 00:41:15', '2015-01-17 00:41:15'),
(48, '/uploads/sanpham/I5LxtMo6anek35elA3gB_tmpiphone6-mask.jpg', 'packages/anahkiasen/illuminage/f79038681ae27d7b1380e828ed2fcc79.jpg', 'Tự thiết kế vỏ Iphone 6', 'Tự thiết kế vỏ Iphone 6', '', 'Tự thiết kế vỏ Iphone 6', '', '', '', '', '2015-01-17 00:42:03', '2015-01-17 00:42:03'),
(54, '/uploads/sanpham/4ocFmysEChtP3TiMt5a0_tmpiphone6-mask.jpg', 'packages/anahkiasen/illuminage/3c52ac45fee795fa72bd5be63ff4a0ae.jpg', 'Tự thiết kế vỏ Iphone 6', 'Tự thiết kế vỏ Iphone 6', '', 'Tự thiết kế vỏ Iphone 6', '', '', '', '', '2015-01-17 00:55:09', '2015-01-17 00:55:09'),
(55, '/uploads/sanpham/GkCJKoDI0l41rv5Qv6hb_shirt-mask.png', 'packages/anahkiasen/illuminage/1218ead9c055c43ac170680f84a658a0.png', 'Desgin Áo thun', 'Desgin Áo thun', '', 'Desgin Áo thun', '', '', '', '', '2015-01-17 00:55:30', '2015-01-17 00:55:30'),
(56, '/uploads/assetmedia/eWw3SwknVzMrmAXOyhtB_butterfly_phone_case_iphone_5_cover-rb7aada778b9644a5939d02e299c11d38_80c4n_8byvr_324.jpg', 'packages/anahkiasen/illuminage/6ee06ad8d392301404f992651c9c202c.jpg', 'Test', 'Test', '', 'Test', '', '', '', '', '2015-01-18 09:58:35', '2015-01-18 09:58:35'),
(57, '/uploads/assetmedia/VKGa4OaDieAcVvyFAMjT_chocolate_brown_vintage_leather_look_iphone_case-rf6aaa062323c49d293bfed5e73d0fc36_vx34w_8byvr_324.jpg', 'packages/anahkiasen/illuminage/e544ed28d6f3c3fa201818ce36c9db26.jpg', 'Test', 'Test', '', 'Test', '', '', '', '', '2015-01-18 10:00:30', '2015-01-18 10:00:30'),
(58, '/uploads/assetmedia/xaVeaSHeRnionRcDRmwK_personalized_keep_calm_and_edit_text_orange_case-rf623ffb420d44c6ab9bf0c660fb618c3_80c4n_8byvr_324.jpg', 'packages/anahkiasen/illuminage/9d500bc5ddabc1053882fd96286a912d.jpg', 'Testm', 'Testm', '', 'Testm', '', '', '', '', '2015-01-18 10:10:45', '2015-01-18 10:10:45'),
(60, '/uploads/assetmedia/6jjVbChCefsz5uQl9tRj_Nắng Mới.gif', 'packages/anahkiasen/illuminage/694732d6a16d4eff7c33c0e825e77c3d.gif', 'Keep Cam and Fuvk now', 'Keep Cam and Fuvk now', '', 'Keep Cam and Fuvk now', '', '', '', '', '2015-01-19 06:48:26', '2015-01-19 06:48:26'),
(61, '/uploads/assetmedia/WGTZSq3jOB5C4h9emSsv_keep_calm_10.jpg', 'packages/anahkiasen/illuminage/abd7dd4971d0bb80a3fadc04f4fbece0.jpg', 'Keep Cam and Fuvk nowll', 'Keep Cam and Fuvk nowll', '', 'Keep Cam and Fuvk nowll', '', '', '', '', '2015-01-19 07:04:20', '2015-01-19 07:04:20'),
(62, '/uploads/assetmedia/SzHUVXapDs4Wi3SuszBY_keep_calm_04.jpg', 'packages/anahkiasen/illuminage/f82d7037064e823d63c60eacfa20a81f.jpg', 'Keep Clam and Have Fine Day', 'Keep Clam and Have Fine Day', '', 'Keep Clam and Have Fine Day', '', '', '', '', '2015-01-19 07:20:06', '2015-01-19 07:20:06'),
(63, '/uploads/sanpham/0AddNZSa6Q811fLD2Jbb_tmplcase5-type1-mask.png', 'packages/anahkiasen/illuminage/ed465349787cf6c2e144d5cc28bbf94b.png', 'Tạo case cho Iphone 5S', 'Tạo case cho Iphone 5S', '', 'Tạo case cho Iphone 5S', '', '', '', '', '2015-01-19 09:20:41', '2015-01-19 09:20:41'),
(64, '/uploads/assetmedia/gS5gL31sNJtv7u20dy86_Manchester-united-logo-wallpaper.jpg', 'packages/anahkiasen/illuminage/63a4a0757b9c7d430ea91622a4f8f475.jpg', 'Testm', 'Testm', '', 'Testm', '', '', '', '', '2015-01-19 19:28:44', '2015-01-19 19:28:44'),
(65, '/uploads/assetmedia/85LvVjepOe67LQ89zUd1_3.png', 'packages/anahkiasen/illuminage/901cf9d94229b2bc3867e977f961340e.png', 'Human crazy', 'Human crazy', '', 'Human crazy', '', '', '', '', '2015-01-22 08:58:00', '2015-01-22 08:58:00'),
(73, '/uploads/sanpham/4EHDkUgbmGoG4mJhAjVd_case6.png', '/packages/anahkiasen/illuminage/280fcf9717c63a6c419a2e34472b27cb.png', 'Case premium IP6', 'Case premium IP6', '', 'Case premium IP6', '', '', '', '', '2015-01-22 09:41:26', '2015-01-22 09:41:26'),
(74, '/uploads/sanpham/N7r6hDa7f1wVLMY8QhtY_case6-plus.png', 'packages/anahkiasen/illuminage/0076b2f08497d65edc1289c792857fdd.png', 'Case premium IP6', 'Case premium IP6', '', 'Case premium IP6', '', '', '', '', '2015-01-22 09:41:27', '2015-01-22 09:41:27'),
(75, '/uploads/assetmedia/6gnkvSqPdY4MT4UqFpql_6.png', 'packages/anahkiasen/illuminage/8b3db5c66e0a7c7764d27669f63553ae.png', 'pattern 1', 'pattern 1', '', 'pattern 1', '', '', '', '', '2015-01-23 19:08:09', '2015-01-23 19:08:09'),
(76, '/uploads/assetmedia/AbVGFQdyMRuxEaTXrYnh_17.png', 'packages/anahkiasen/illuminage/ee26419d837ae9b955e8433aba360f5f.png', 'right hand', 'right hand', '', 'right hand', '', '', '', '', '2015-01-23 19:11:29', '2015-01-23 19:11:29'),
(77, '/uploads/assetmedia/J3ZVbHpXDNHrHe5FNdGy_22.png', 'packages/anahkiasen/illuminage/e316f6988760b794863b79e7e57666ba.png', 'Khiên', 'Khiên', '', 'Khiên', '', '', '', '', '2015-01-23 19:12:33', '2015-01-23 19:12:33'),
(78, '/uploads/assetmedia/UsbvDJLIEy3B1DThxtLl_24.png', 'packages/anahkiasen/illuminage/708667a2ed72bf8002b13b1a4fdfe84e.png', 'Brush đỏ', 'Brush đỏ', '', 'Brush đỏ', '', '', '', '', '2015-01-23 19:18:56', '2015-01-23 19:18:56'),
(79, '/uploads/assetmedia/ZtopmStWusg5oXbVHCSb_32.png', 'packages/anahkiasen/illuminage/ef5f514a55c32c1c737a5dd49ac68395.png', 'brush yellow', 'brush yellow', '', 'brush yellow', '', '', '', '', '2015-01-23 19:24:25', '2015-01-23 19:24:25'),
(80, '/uploads/assetmedia/jeH2cdTl6jCFG7L1dSko_o6zc6ulmm9jr5qgk3g2kec0lbwzghxzn6gw5h8chwmd5q5filr.jpeg', 'packages/anahkiasen/illuminage/95dd0359fc133881f62130f8d2692060.jpeg', '', '', '', '', '', '', '', '', '2015-01-23 19:28:25', '2015-01-23 19:28:25'),
(81, '/uploads/assetmedia/9lDPc3VkMdl5ootI74wD_33.png', 'packages/anahkiasen/illuminage/82bf0118c1da5a077280e38e3f94f7b8.png', 'Lâu đài 1', 'Lâu đài 1', '', 'Lâu đài 1', '', '', '', '', '2015-01-23 19:33:10', '2015-01-23 19:33:10'),
(82, '/uploads/sanpham/N6j5ItHMwdi8JLDv7Mig_case6-plus.png', 'packages/anahkiasen/illuminage/6ce615dcc2288494334d484b7ea0655e.png', 'Case premium IP6', 'Case premium IP6', '', 'Case premium IP6', '', '', '', '', '2015-01-24 00:51:00', '2015-01-24 00:51:00'),
(84, '/uploads/assetmedia/nDXVU3w1oht91B8DKc6c_10903794_388499624651842_7445727813130377084_o.jpg', 'packages/anahkiasen/illuminage/e72a4472ccd1372aa5bde2e719ad365f.jpg', '', '', '', '', '', '', '', '', '2015-01-26 09:02:29', '2015-01-26 09:02:29'),
(85, '/uploads/assetmedia/39aGUKjCsd1rvEkg16dF_2o5gko1urz.png', 'packages/anahkiasen/illuminage/8daef322c6a5e615b5b1d9a97a57ae77.png', '', '', '', '', '', '', '', '', '2015-01-26 22:40:50', '2015-01-26 22:40:50'),
(86, '/uploads/sanpham/EbTUOYnYKpIuMvkjYGyh_Untitled-1.png', '/packages/anahkiasen/illuminage/375333f5a3573421933e6613f40c1cfa.png', 'Tạo skin cho Iphone 5S', 'Tạo skin cho Iphone 5S', '', 'Tạo skin cho Iphone 5S', '', '', '', '', '2015-01-27 04:33:14', '2015-01-27 04:33:14'),
(87, '/uploads/sanpham/jBKatiHOkKNvqOGJhexi_Untitled-1s.png', 'packages/anahkiasen/illuminage/474cbf197534041a6f9fa33f5f5ebcfe.png', 'Tạo skin cho Iphone 5S', 'Tạo skin cho Iphone 5S', '', 'Tạo skin cho Iphone 5S', '', '', '', '', '2015-01-27 04:33:14', '2015-01-27 04:33:14'),
(88, '/uploads/sanpham/dmg7GELqG7lXVEvWKDyQ_tmpiphone5.png', '/packages/anahkiasen/illuminage/5f47c1591b68a410bf54b7fc6ae4b096.png', 'Test Design Case Iphone 6', 'Test Design Case Iphone 6', '', 'Test Design Case Iphone 6', '', '', '', '', '2015-01-28 10:28:41', '2015-01-28 10:28:41'),
(89, '/uploads/sanpham/usKa8SyScGOMPPK2vqtQ_tmpiphone5.png', '/packages/anahkiasen/illuminage/44d4474b89eddbd76ae9a8087ee17aad.png', 'Test Design Case Iphone 6', 'Test Design Case Iphone 6', '', 'Test Design Case Iphone 6', '', '', '', '', '2015-01-28 10:29:20', '2015-01-28 10:29:20'),
(90, '/uploads/sanpham/qWZ4CHTOorMyeOqJFpsi_tmpiphone5-mask.png', 'packages/anahkiasen/illuminage/9a7296ca3b42011d6fe21688c0333358.png', 'Test Design Case Iphone 6', 'Test Design Case Iphone 6', '', 'Test Design Case Iphone 6', '', '', '', '', '2015-01-28 10:29:20', '2015-01-28 10:29:20'),
(91, '/uploads/sanpham/AeSSCi2diMR8ZVy229Hi_tmplcase5-type1.jpg', '/packages/anahkiasen/illuminage/e76090a1bbdf1504f552f622dffd9e29.jpg', 'Test Design Case Iphone 6', 'Test Design Case Iphone 6', '', 'Test Design Case Iphone 6', '', '', '', '', '2015-01-28 10:33:56', '2015-01-28 10:33:56'),
(92, '/uploads/sanpham/MottiW2rxCFepUE7Tbp8_tmplcase5-type1-mask.png', 'packages/anahkiasen/illuminage/afc9cf6cb63e0bb5af2e47de1ef92679.png', 'Test Design Case Iphone 6', 'Test Design Case Iphone 6', '', 'Test Design Case Iphone 6', '', '', '', '', '2015-01-28 10:33:57', '2015-01-28 10:33:57'),
(93, '/uploads/assetmedia/Jv2EK2fTPRJfQdksfBXj_1ug9vus8v8qb0ygf8828p3oh9uyil5bo6b75o5gf9qcvvt7e81.png', 'packages/anahkiasen/illuminage/a43c4b5a269585798b06e9b58c9732fb.png', '', '', '', '', '', '', '', '', '2015-01-29 10:00:54', '2015-01-29 10:00:54'),
(94, '/uploads/assetmedia/PulEjx7ur6w4s4RMYIHM_2hc4lba5x8jgnk3vl59nz839jqsndmzu1e8bin8d7jhujqs5hi.png', 'packages/anahkiasen/illuminage/90c00198f3a35fabee7a2b5214acaee5.png', '', '', '', '', '', '', '', '', '2015-01-29 10:02:10', '2015-01-29 10:02:10'),
(95, '/uploads/assetmedia/HwQUm7x723c28R2cjhds_3jlt7f51b1yodnth8x5jpka85p0zz1x39ily8982m9c5ymp86e.png', 'packages/anahkiasen/illuminage/230345838c4b3c530e402fc85774ba44.png', '', '', '', '', '', '', '', '', '2015-01-29 10:03:06', '2015-01-29 10:03:06'),
(96, '/uploads/assetmedia/5LzGRuKzRx4Qtdy7aavz_3lr75lb2gfy193p8zevywf1klo40p8msjwg3zfdalhakd6t3ta.png', 'packages/anahkiasen/illuminage/4f86ceaf0053a318b5a19829b697d234.png', '', '', '', '', '', '', '', '', '2015-01-29 10:04:02', '2015-01-29 10:04:02'),
(97, '/uploads/assetmedia/zy3ZMWYGc1vatd5rDJZL_4t1fcof31qu1c6thhp4kbo723no5wwfy71jspgd553jocc8sm2.png', 'packages/anahkiasen/illuminage/7dcc458f93c0c6bf0c26b9bf044c416e.png', '', '', '', '', '', '', '', '', '2015-01-29 10:05:58', '2015-01-29 10:05:58'),
(98, '/uploads/assetmedia/E0ANeUGS525slqm1gn0R_5tsrskssapvws0o4wnz512o58l0je2fepod4biut6c1dxjtswl.png', 'packages/anahkiasen/illuminage/6e76cbca79c4b13ee4b28ebb7665ebe6.png', '', '', '', '', '', '', '', '', '2015-01-29 10:06:33', '2015-01-29 10:06:33'),
(99, '/uploads/assetmedia/739xtS1TUyyjJxpU87Es_4gzoct0em3pqh5youz1v1z392wqn9caoua26681bmtxfrrj0u4.png', 'packages/anahkiasen/illuminage/6a2ce15ec41f24ec12c2c00efe2b6fb3.png', '', '', '', '', '', '', '', '', '2015-01-29 10:12:36', '2015-01-29 10:12:36'),
(100, '/uploads/assetmedia/c0PRBEwd7zZNxPXXamhw_6vr2ed9wkodezfq8ydntwklhp7ti600r409yo3a5y5q82034rv.png', 'packages/anahkiasen/illuminage/af87e94f097b6d4929b92092b27eeebd.png', '', '', '', '', '', '', '', '', '2015-01-29 10:13:15', '2015-01-29 10:13:15'),
(101, '/uploads/assetmedia/0x6T80m8rpbd1f1Mspxb_8a3hl0rh36873ur9a4hrff5dywaom0vf33e8eogcdk6tcgy4oy.png', 'packages/anahkiasen/illuminage/ffa3a23d1227beaa894a4de8c3768e47.png', '', '', '', '', '', '', '', '', '2015-01-29 10:13:47', '2015-01-29 10:13:47'),
(102, '/uploads/assetmedia/jyiPkZx9yUeUqXzC84db_8yu5mja5dvfskps15c1em39l9tz369asas69m9nr5ze5z832gs.png', 'packages/anahkiasen/illuminage/fd37581c80e972a12278612a2d83f2ba.png', '', '', '', '', '', '', '', '', '2015-01-29 10:14:13', '2015-01-29 10:14:13'),
(103, '/uploads/assetmedia/e1vR1CL4ciRnpnP2rA8G_9g3p12t5cyoikglsglgx98wcbasvvtwe0rnv0b2hbhatripo0a.png', 'packages/anahkiasen/illuminage/3c9429d56cb8d9b245854290c7c7590b.png', '', '', '', '', '', '', '', '', '2015-01-29 10:15:49', '2015-01-29 10:15:49'),
(104, '/uploads/assetmedia/QiZT0cZe42OIjVLTlVBx_anrfr6gh4cax9ezlrmwbpohfumnp412kwjob7rpkcsfa3a4bxu.png', 'packages/anahkiasen/illuminage/b3489c517109ea269586a44271213b80.png', '', '', '', '', '', '', '', '', '2015-01-31 00:02:41', '2015-01-31 00:02:41'),
(105, '/uploads/sanpham/hQM1OIpBNAOtDoo7clka_tmpiphone6-mask.jpg', 'packages/anahkiasen/illuminage/ebbf1bb1a55433d9a272de33bccaa804.jpg', 'Design Case premium IP6', 'Design Case premium IP6', '', 'Design Case premium IP6', '', '', '', '', '2015-01-31 00:04:25', '2015-01-31 00:04:25'),
(106, '/uploads/sanpham/1rOPPv07lYAMnhn6A5eR_case6-plus.png', 'packages/anahkiasen/illuminage/d37e3995fe769a942e5444898db7ca54.png', 'Design Case premium IP6', 'Design Case premium IP6', '', 'Design Case premium IP6', '', '', '', '', '2015-01-31 00:05:15', '2015-01-31 00:05:15'),
(107, '/uploads/assetmedia/SSZkpm1tTI1D1rCIGzOp_azyfr1t2lfd93eldch81dqjv121hvsubtxklpktjufmh6ojfv0.jpeg', 'packages/anahkiasen/illuminage/72b2d03695a2fd24234208955d30ab9c.jpeg', '', '', '', '', '', '', '', '', '2015-01-31 00:50:13', '2015-01-31 00:50:13'),
(108, '/uploads/assetmedia/hYYWT9xXirxxNhKoqlqs_b1x92hocp5opshg7x01txpgeiy6zw96jr1euy8oytvvzfpon26.png', 'packages/anahkiasen/illuminage/ffaf5ca2cba080161df04acc09801698.png', '', '', '', '', '', '', '', '', '2015-01-31 00:53:30', '2015-01-31 00:53:30'),
(109, '/uploads/assetmedia/22cBhZ7hjmPos0grW9lb_crqzc0prxboslsye20b5gtwytsiusuq76eytx235fil8wqp3pj.png', 'packages/anahkiasen/illuminage/8faecd989d0ad98410aa3031c7931980.png', '', '', '', '', '', '', '', '', '2015-01-31 00:55:02', '2015-01-31 00:55:02'),
(110, '/uploads/assetmedia/RxUXQKF34Irz6Lkn4J85_d2aqep4ek4h9e5luozq6j64x6xxyhkb4735djppy7nhszyjqaa.png', 'packages/anahkiasen/illuminage/d2078157abf75d615a6e7a8570cb5d3e.png', '', '', '', '', '', '', '', '', '2015-01-31 00:56:11', '2015-01-31 00:56:11'),
(111, '/uploads/assetmedia/mciw8ZjDvduJ8GXNOdIb_dc4h3vmzlsqru6srj95j47jblymqcbz1soe3b6yrnizcmdavyn.png', 'packages/anahkiasen/illuminage/7f16ccde156d45807fbf60e8f21503fe.png', '', '', '', '', '', '', '', '', '2015-01-31 00:57:07', '2015-01-31 00:57:07'),
(112, '/uploads/assetmedia/77xm3v938AcIxJVDDrfa_f7tgn3wzw0mankt043we1i5r1ns96oh1xltufv4yi7vutlysq5.png', 'packages/anahkiasen/illuminage/c1ebae3a1b5d6fa85ed86c1942a7c210.png', '', '', '', '', '', '', '', '', '2015-01-31 01:42:18', '2015-01-31 01:42:18'),
(113, '/uploads/assetmedia/SF0uQrpEy3KkDRCLoxfx_f826yds2uctghblohhfptdn5eer3aqhvmqsew4ilxkt33ejt4n.png', 'packages/anahkiasen/illuminage/ca8ae519ae3c29c6382864c6643ccb57.png', '', '', '', '', '', '', '', '', '2015-01-31 01:43:28', '2015-01-31 01:43:28'),
(114, '/uploads/assetmedia/PI3Hhren5TK3PHc4bo5e_lp2vigzipk3upz7u94hnb5pm7kgy2s6avhj21gr69awhn9by91.png', 'packages/anahkiasen/illuminage/bab3f0fc481bebcac48781c80c299580.png', '', '', '', '', '', '', '', '', '2015-01-31 01:45:02', '2015-01-31 01:45:02'),
(115, '/uploads/assetmedia/3u8jb5H1bkgH4jFP937y_mqd85rarl2yf7cl0c9l4gjly4gwuwh57rjfbhn1ifzaap66r5d.png', 'packages/anahkiasen/illuminage/4f98d06b6b7a72ca6ab3b037bdb94ae1.png', '', '', '', '', '', '', '', '', '2015-01-31 02:48:11', '2015-01-31 02:48:11'),
(116, '/uploads/assetmedia/h6Zuwxba60ZqgWC5jJSC_mzvc4yy1lceiyrojhrzapn24dwk0in2smhz57vzuab90brguvk.png', 'packages/anahkiasen/illuminage/bec9ec0b5ccbede3d44235fa484d743a.png', '', '', '', '', '', '', '', '', '2015-01-31 02:51:20', '2015-01-31 02:51:20'),
(117, '/uploads/assetmedia/Oey7JyTHqcu5LhgAQYqz_qhq2upxznm46k9b99wpedic5xmrjgdgei0a63ttb7iexqzijoy.png', 'packages/anahkiasen/illuminage/ac1ed6328d2c72abd7bd801b2c5e9141.png', '', '', '', '', '', '', '', '', '2015-01-31 02:59:31', '2015-01-31 02:59:31'),
(118, '/uploads/assetmedia/UL9TG485szEPNeNCdBx9_rp04g0r0au640hc1s4c40txx6ty5otq3juapxjxuwwo0eprj10.png', 'packages/anahkiasen/illuminage/329d941303f98a57b89b0ee00f156474.png', '', '', '', '', '', '', '', '', '2015-01-31 03:28:39', '2015-01-31 03:28:39'),
(119, '/uploads/assetmedia/3dObxG8Bnpd3ApKELUva_rk4ccfb6x4k4e5fpfi00m00l8zvvd1ef5zna0odkot89jf7bxj.png', 'packages/anahkiasen/illuminage/f220e04959c17a021cb6721e42a47876.png', '', '', '', '', '', '', '', '', '2015-01-31 03:29:06', '2015-01-31 03:29:06'),
(120, '/uploads/assetmedia/oXWkfojVEraqDVIs9ZDW_umstwz0yqn3xjmq11531jp8c2pjmdtz8p9wxfza5gbu12llh33.png', 'packages/anahkiasen/illuminage/e124cd386c43612872f7795fae5eae62.png', '', '', '', '', '', '', '', '', '2015-01-31 10:40:23', '2015-01-31 10:40:23'),
(121, '/uploads/assetmedia/pu9CEZR5udIYanec3Yt2_VDLOVE01_44.jpg', 'packages/anahkiasen/illuminage/0b07afc64e4bec1f90547667dac3c6df.jpg', '', '', '', '', '', '', '', '', '2015-01-31 10:41:45', '2015-01-31 10:41:45'),
(122, '/uploads/assetmedia/d26nqYapsnSJ8MYiU8ca_vnegcsre2fq925wfky61hfshzodjtw4x7cit8ti4ru9cip9s2v.png', 'packages/anahkiasen/illuminage/8549f7b0d95d272a4890d565d5342084.png', '', '', '', '', '', '', '', '', '2015-01-31 10:42:14', '2015-01-31 10:42:14'),
(123, '/uploads/assetmedia/BqAjaELfh0PFSHclj0KT_zgazs38lwwq3qyrsgnsvtynjjsfsgpc75ntgsvl35sx93m7w0i.png', 'packages/anahkiasen/illuminage/43214e4d378afffc5c1e91cc5cdf82a7.png', '', '', '', '', '', '', '', '', '2015-01-31 10:42:50', '2015-01-31 10:42:50'),
(124, '/uploads/assetmedia/mfBIQgbCbryz0lnpiuqQ_6F6eAzr.png', 'packages/anahkiasen/illuminage/22a27f39b05502f5ff7dd05584ffaf3e.png', '', '', '', '', '', '', '', '', '2015-01-31 10:47:17', '2015-01-31 10:47:17'),
(125, '/uploads/assetmedia/ItOSogNDEKRP1Ro1QT3z_8Y6dQGb.jpg', 'packages/anahkiasen/illuminage/c22c9ad4612db76730acadec3759710f.jpg', '', '', '', '', '', '', '', '', '2015-01-31 10:47:49', '2015-01-31 10:47:49'),
(126, '/uploads/assetmedia/qPe2aHzTOxOHE6H7egIQ_chDA7UY.png', 'packages/anahkiasen/illuminage/5d6622a74d9c05db371e176702faa294.png', '', '', '', '', '', '', '', '', '2015-01-31 10:48:16', '2015-01-31 10:48:16'),
(127, '/uploads/assetmedia/9QLwslaHTDN6f3a0GodP_jGIGWOA.jpg', 'packages/anahkiasen/illuminage/fe6edf6e4fc8b289f3d0d5a1d88419a6.jpg', '', '', '', '', '', '', '', '', '2015-01-31 10:48:47', '2015-01-31 10:48:47'),
(128, '/uploads/assetmedia/zCYTyMTAIVvEs6cfA8oM_NH1nLsV.png', 'packages/anahkiasen/illuminage/ec432700918b0eee0802e644e3ea063e.png', '', '', '', '', '', '', '', '', '2015-01-31 10:49:13', '2015-01-31 10:49:13'),
(129, '/uploads/assetmedia/gozxLq5yedoXJaLHdxUq_CU0Ma3o.png', 'packages/anahkiasen/illuminage/93578fd0a78e32751eb493ebbc48c7fa.png', '', '', '', '', '', '', '', '', '2015-01-31 10:50:09', '2015-01-31 10:50:09'),
(130, '/uploads/assetmedia/anXWTKMlRBWB4J9p3kuH_e5e6dqT.png', 'packages/anahkiasen/illuminage/acfe81f047db76cd27ddeba7d8106ebb.png', '', '', '', '', '', '', '', '', '2015-01-31 10:59:13', '2015-01-31 10:59:13'),
(131, '/uploads/assetmedia/Esr05YiMvkWv53HdD6sC_r7Z09Ht.gif', 'packages/anahkiasen/illuminage/23894606d48f5f3ced8dacf24580e166.gif', '', '', '', '', '', '', '', '', '2015-01-31 10:59:51', '2015-01-31 10:59:51'),
(132, '/uploads/assetmedia/uXMJc0T3BN8HZ6bk27ld_OzExPUf.png', 'packages/anahkiasen/illuminage/c5415c898beaa8166b252560936be88f.png', '', '', '', '', '', '', '', '', '2015-01-31 11:00:39', '2015-01-31 11:00:39'),
(133, '/uploads/assetmedia/uAlqVxPh6IOOjxix2XAz_t85i8nntvjf9g56w58r66r2vv9dm06uu42fiyffojioh9aftqj.jpeg', 'packages/anahkiasen/illuminage/6d3822459df46f5f500b1e755d61e947.jpeg', '', '', '', '', '', '', '', '', '2015-01-31 11:01:18', '2015-01-31 11:01:18'),
(134, '/uploads/sanpham/9bJPzpUKubjHPU3xhycu_IPHONE 5&5S INKFUSION PRO CASE BACK.png', '/packages/anahkiasen/illuminage/6ffebf77c7e5ee644e55dcb5cb8553a2.png', '', '', '', '', '', '', '', '', '2015-02-02 02:58:18', '2015-02-02 02:58:18'),
(135, '/uploads/sanpham/J2llIQoFTNoVbcxaeQYt_IPHONE 5&5S INKFUSION PRO CASE BACK MASK1.png', 'packages/anahkiasen/illuminage/a4d3c0354d2e0e3d5f626a6516d94188.png', '', '', '', '', '', '', '', '', '2015-02-02 03:01:22', '2015-02-02 03:01:22'),
(136, '/uploads/sanpham/eccQQWjkfJ0t4Ne9iAKt_IPHONE 5&5S .png', '/packages/anahkiasen/illuminage/d6141ba030783d8677ea712fe0fc66e9.png', 'Iphone 4-4S - Design case Iphone 4-4S', 'Iphone 4-4S - Design case Iphone 4-4S', '', 'Iphone 4-4S - Design case Iphone 4-4S', '', '', '', '', '2015-02-08 08:44:13', '2015-02-08 08:44:13'),
(137, '/uploads/sanpham/oIs1flrBhieZfZ6pjqy3_CUSTOM IPHONE 4&4S INKFUSION PRO CASE BACK.png', '/packages/anahkiasen/illuminage/543cf750de94f59ecc0a3264a61c164b.png', 'Iphone 4-4S - Design case Iphone 4-4S', 'Iphone 4-4S - Design case Iphone 4-4S', '', 'Iphone 4-4S - Design case Iphone 4-4S', '', '', '', '', '2015-02-08 08:44:44', '2015-02-08 08:44:44'),
(138, '/uploads/sanpham/oGlSVP7ZxyS8j9sdGpuI_CUSTOM IPHONE 4&4S INKFUSION PRO CASE BACK-mask.png', 'packages/anahkiasen/illuminage/18400739b0f589b8061c143cdfec3d6b.png', 'Iphone 4-4S - Design case Iphone 4-4S', 'Iphone 4-4S - Design case Iphone 4-4S', '', 'Iphone 4-4S - Design case Iphone 4-4S', '', '', '', '', '2015-02-08 08:44:44', '2015-02-08 08:44:44'),
(139, '/uploads/sanpham/nLZXedmGLX0oL8kPCGJE_CUSTOM IPHONE 4&4S INKFUSION PRO CASE BACK-mask.png', 'packages/anahkiasen/illuminage/01eb953abd92b014d4804447ada88c61.png', 'Iphone 4-4S - Design case Iphone 4-4S', 'Iphone 4-4S - Design case Iphone 4-4S', '', 'Iphone 4-4S - Design case Iphone 4-4S', '', '', '', '', '2015-02-09 05:35:44', '2015-02-09 05:35:44'),
(140, '/uploads/sanpham/KTRZWKQvwn5xLeMLfa7h_CUSTOM IPHONE 4&4S INKFUSION PRO CASE BACK-mask.png', 'packages/anahkiasen/illuminage/38cc41ca1b691dbcffff4bdecaf7f5c8.png', 'Iphone 4-4S - Design case Iphone 4-4S', 'Iphone 4-4S - Design case Iphone 4-4S', '', 'Iphone 4-4S - Design case Iphone 4-4S', '', '', '', '', '2015-02-09 05:38:01', '2015-02-09 05:38:01'),
(141, '/uploads/sanpham/bGS2sdY6dxnMtJTb6edZ_CUSTOM IPHONE 4&4S INKFUSION PRO CASE BACK.png', '/packages/anahkiasen/illuminage/5dcdf267dfc53d5cd80c72fadc18bfec.png', 'Iphone 4-4S - Design case Iphone 4-4S', 'Iphone 4-4S - Design case Iphone 4-4S', '', 'Iphone 4-4S - Design case Iphone 4-4S', '', '', '', '', '2015-02-09 05:39:27', '2015-02-09 05:39:27'),
(142, '/uploads/sanpham/sORxGmNmoq2KqJcor5XB_CUSTOM IPHONE 4&4S INKFUSION PRO CASE BACK.png', '/packages/anahkiasen/illuminage/5c0c26130797d5444b64692a27104650.png', 'Iphone 4-4S - Design case Iphone 4-4S', 'Iphone 4-4S - Design case Iphone 4-4S', '', 'Iphone 4-4S - Design case Iphone 4-4S', '', '', '', '', '2015-02-09 05:42:59', '2015-02-09 05:42:59'),
(143, '/uploads/sanpham/Iq75xTcxgLETEKjQLVDr_CUSTOM IPHONE 4&4S INKFUSION PRO CASE BACK-mask.png', 'packages/anahkiasen/illuminage/b19fe95cc59c0d4783de259b62fca9df.png', 'Iphone 4-4S - Design case Iphone 4-4S', 'Iphone 4-4S - Design case Iphone 4-4S', '', 'Iphone 4-4S - Design case Iphone 4-4S', '', '', '', '', '2015-02-09 05:43:00', '2015-02-09 05:43:00'),
(144, '/uploads/sanpham/lbf3TIVkidKwGe85yyjd_CUSTOM IPHONE 4&4S INKFUSION PRO CASE BACK-mask.png', 'packages/anahkiasen/illuminage/9cdd071a375cc93cf3db9a7a30b3b208.png', 'Iphone 4-4S - Design case Iphone 4-4S', 'Iphone 4-4S - Design case Iphone 4-4S', '', 'Iphone 4-4S - Design case Iphone 4-4S', '', '', '', '', '2015-02-09 05:44:44', '2015-02-09 05:44:44'),
(145, '/uploads/assetmedia/v6gvQkNtBqGRh9zhhflD_130.png', 'packages/anahkiasen/illuminage/04dab1d795b0460b38cad87916e1cc7f.png', '', '', '', '', '', '', '', '', '2015-02-09 10:07:24', '2015-02-09 10:07:24'),
(146, '/uploads/assetmedia/vmIjr722YVyknTlrrqAa_116.png', 'packages/anahkiasen/illuminage/4d1da32c68667a4d1d67676d9044ea8e.png', '', '', '', '', '', '', '', '', '2015-02-09 10:10:28', '2015-02-09 10:10:28'),
(147, '/uploads/assetmedia/sjhAoznVuBDkt4FYkpoY_99.png', 'packages/anahkiasen/illuminage/0e9ea500496efc45541ef4268b9959dc.png', '', '', '', '', '', '', '', '', '2015-02-09 10:12:40', '2015-02-09 10:12:40'),
(148, '/uploads/sanpham/jVrTVooxQCNJwSfBDMmJ_espresso-cup.jpg', '/packages/anahkiasen/illuminage/a009f7fdf4d266b29dac9ab4a56798e1.jpg', 'cup', 'cup', '', 'cup', '', '', '', '', '2015-03-14 09:55:40', '2015-03-14 09:55:40'),
(149, '/uploads/sanpham/wEI5Hu3m9lYrSt5y1fHF_espresso-cup - mask.png', 'packages/anahkiasen/illuminage/a1facc8b019411847c70094ae7a694dd.png', 'cup', 'cup', '', 'cup', '', '', '', '', '2015-03-14 09:56:13', '2015-03-14 09:56:13'),
(150, '/uploads/sanpham/xM0YJ1yguljhm0uRZOz0_2o5gko1urz.png', '/packages/anahkiasen/illuminage/78e280d012157cebd7f7889e19822045.png', 'Skin Iphone 6 - premium', 'Skin Iphone 6 - premium', '', 'Skin Iphone 6 - premium', '', '', '', '', '2015-03-27 08:28:58', '2015-03-27 08:28:58'),
(151, '/uploads/sanpham/xVOYu5qmA6Mm6Lj7yVQL_6s-mask1.png', 'packages/anahkiasen/illuminage/150d75ccec85efc2a3f550f9ffecb1ee.png', 'Skin Iphone 6 - premium', 'Skin Iphone 6 - premium', '', 'Skin Iphone 6 - premium', '', '', '', '', '2015-03-27 08:46:32', '2015-03-27 08:46:32'),
(152, '/uploads/sanpham/YvloSZFxSofP4JvdvleF_6s-mask1.png', 'packages/anahkiasen/illuminage/dd1b3ee65a5017b713609f337bb19d1b.png', 'Skin Iphone 6 - premium', 'Skin Iphone 6 - premium', '', 'Skin Iphone 6 - premium', '', '', '', '', '2015-03-27 09:01:47', '2015-03-27 09:01:47'),
(153, '/uploads/sanpham/jp8sAyDbvxxB5zNXmkdL_6s-mask1.png', 'packages/anahkiasen/illuminage/1144fa661cbc324f5b78247423a1c263.png', 'Skin Iphone 6 - premium', 'Skin Iphone 6 - premium', '', 'Skin Iphone 6 - premium', '', '', '', '', '2015-03-27 09:13:45', '2015-03-27 09:13:45'),
(154, '/uploads/sanpham/soHCjjk4ne24hPIvh4kx_6s-mask1.png', 'packages/anahkiasen/illuminage/532d8b032ee392bce34de8161877fa4f.png', 'Skin Iphone 6 - premium', 'Skin Iphone 6 - premium', '', 'Skin Iphone 6 - premium', '', '', '', '', '2015-03-27 09:16:10', '2015-03-27 09:16:10'),
(155, '/uploads/sanpham/WcoqgVkXuhBcpoNepO8m_6s.png', 'packages/anahkiasen/illuminage/860385deab42467866a118ff4a059c1c.png', 'Skin Iphone 6 - premium', 'Skin Iphone 6 - premium', '', 'Skin Iphone 6 - premium', '', '', '', '', '2015-03-27 20:35:07', '2015-03-27 20:35:07'),
(156, '/uploads/sanpham/a0dFkJ0P9CETLFFRDj3J_6s-front-mask11.png', 'packages/anahkiasen/illuminage/881043a8fcfd5cc8ea35f935e26cf6f5.png', 'Skin Iphone 6 - premium', 'Skin Iphone 6 - premium', '', 'Skin Iphone 6 - premium', '', '', '', '', '2015-03-27 20:40:20', '2015-03-27 20:40:20'),
(157, '/uploads/sanpham/8MpUOhXmMvC5o3GE7ad2_6s-mask1.png', 'packages/anahkiasen/illuminage/caaca9bfee2184aea53e507e84216ae3.png', 'Skin Iphone 6 - premium', 'Skin Iphone 6 - premium', '', 'Skin Iphone 6 - premium', '', '', '', '', '2015-03-27 20:47:57', '2015-03-27 20:47:57'),
(158, '/uploads/sanpham/wXVVEaNdrN7wCrAu3tA7_6s.png', 'packages/anahkiasen/illuminage/5f69be6724a67c4c22ad91bea4c393e8.png', 'Skin Iphone 6 - premium', 'Skin Iphone 6 - premium', '', 'Skin Iphone 6 - premium', '', '', '', '', '2015-03-27 20:47:57', '2015-03-27 20:47:57'),
(159, '/uploads/sanpham/tqMolpTLnYDFz9Xt79zY_6s-front-mask11.png', 'packages/anahkiasen/illuminage/12b3b2d3cbb706b4327caf98b56f23f1.png', 'Skin Iphone 6 - premium', 'Skin Iphone 6 - premium', '', 'Skin Iphone 6 - premium', '', '', '', '', '2015-03-27 20:47:57', '2015-03-27 20:47:57'),
(160, '/uploads/sanpham/Wqxu319xMgTFBhVMFfwX_6s-front-mask11.png', 'packages/anahkiasen/illuminage/c88c2170c5385a1f49fc8914af9017af.png', 'Skin Iphone 6 - premium', 'Skin Iphone 6 - premium', '', 'Skin Iphone 6 - premium', '', '', '', '', '2015-03-27 21:06:14', '2015-03-27 21:06:14'),
(161, '/uploads/sanpham/lIaUSOLb5cVMcLFp3ZSj_6s-front-mask11.png', 'packages/anahkiasen/illuminage/44c0d1523c569a52e10f901bd7e491be.png', 'Skin Iphone 6 - premium', 'Skin Iphone 6 - premium', '', 'Skin Iphone 6 - premium', '', '', '', '', '2015-03-27 21:08:00', '2015-03-27 21:08:00'),
(162, '/uploads/assetmedia/EqQK69wUof6gfZUDUsi3_mask.png', 'packages/anahkiasen/illuminage/8323990bb4754789b1d68e3315787675.png', '', '', '', '', '', '', '', '', '2015-04-24 08:40:58', '2015-04-24 08:40:58'),
(163, '/uploads/assetmedia/9b983NRsTyh5L3jKIYla_bg4.png', 'packages/anahkiasen/illuminage/6a7d2f17133564703608ce5dd7ab070a.png', '', '', '', '', '', '', '', '', '2015-04-24 09:25:38', '2015-04-24 09:25:38'),
(164, '/uploads/assetmedia/MNCmtB2LQYMrv5pptvhX_2.png', 'packages/anahkiasen/illuminage/894e56ce6e1719e4aa3e50af4abd1813.png', '', '', '', '', '', '', '', '', '2015-04-26 09:43:30', '2015-04-26 09:43:30'),
(165, '/uploads/assetmedia/TKoW4M9vWoHLFskMeJPB_23.png', 'packages/anahkiasen/illuminage/37bc6a49bd9ad9d2f89878adde01d53c.png', '', '', '', '', '', '', '', '', '2015-04-26 09:43:31', '2015-04-26 09:43:31'),
(166, '/uploads/assetmedia/ENGnkSvMU2er62ToE1wV_b1.png', 'packages/anahkiasen/illuminage/cbefc056e5014a0a4a17764773d195dc.png', '', '', '', '', '', '', '', '', '2015-04-26 09:43:31', '2015-04-26 09:43:31'),
(167, '/uploads/assetmedia/fuvFdVOHM2iukaHR6GmY_b2.png', 'packages/anahkiasen/illuminage/aa8bd04d7086ffad8be888229008ef12.png', '', '', '', '', '', '', '', '', '2015-04-26 09:43:32', '2015-04-26 09:43:32'),
(168, '/uploads/assetmedia/dIWF7PnV4kLMh53K8cwq_b3.png', 'packages/anahkiasen/illuminage/9fd150799e17c0fdd715e371cd1f9692.png', '', '', '', '', '', '', '', '', '2015-04-26 09:43:32', '2015-04-26 09:43:32'),
(169, '/uploads/sanpham/ESQnPS21bvn7TzXadSpW_Ly Su  Minh Long.jpg.jpg', 'packages/anahkiasen/illuminage/5291dd1da8fb2b5993d16fd71fb49e0b.jpg', 'cup', 'cup', '', 'cup', '', '', '', '', '2015-05-30 07:38:51', '2015-05-30 07:38:51'),
(170, '/uploads/sanpham/oRgXOhgBUlr3WQpEio2d_Ly Su  Minh Long.jpg.png', 'packages/anahkiasen/illuminage/fb3152c6b74283a39dc46e45f2cebddc.png', 'cup', 'cup', '', 'cup', '', '', '', '', '2015-05-30 07:38:51', '2015-05-30 07:38:51'),
(171, '/uploads/sanpham/oLoBXMXLqKUGgQJpRx8P_20368-NSM5P7.png', 'packages/anahkiasen/illuminage/8bde24c57c79f8eb407cfe826f7cb9ad.png', '', '', '', '', '', '', '', '', '2015-08-19 04:50:30', '2015-08-19 04:50:30'),
(172, '/uploads/sanpham/cklHRXGj0rjvJ8uqJv0h_b9ed3379e9f649c319e59b2929e4f90b.jpg', 'packages/anahkiasen/illuminage/546c8a09578f34996f1f86d4e942bb49.jpg', '', '', '', '', '', '', '', '', '2015-08-19 04:54:08', '2015-08-19 04:54:08');

-- --------------------------------------------------------

--
-- Table structure for table `de_nhasanxuat`
--

CREATE TABLE IF NOT EXISTS `de_nhasanxuat` (
  `id` int(10) unsigned NOT NULL AUTO_INCREMENT,
  `stt` int(11) NOT NULL,
  `ten_vi` varchar(255) COLLATE utf8_unicode_ci NOT NULL,
  `ten_en` varchar(255) COLLATE utf8_unicode_ci NOT NULL,
  `slug_vi` varchar(255) COLLATE utf8_unicode_ci NOT NULL,
  `slug_en` varchar(255) COLLATE utf8_unicode_ci NOT NULL,
  `mota_vi` varchar(255) COLLATE utf8_unicode_ci NOT NULL,
  `mota_en` varchar(255) COLLATE utf8_unicode_ci NOT NULL,
  `photo` varchar(150) COLLATE utf8_unicode_ci NOT NULL,
  `thumb` varchar(150) COLLATE utf8_unicode_ci NOT NULL,
  `website` varchar(100) COLLATE utf8_unicode_ci NOT NULL,
  `dienthoai` varchar(50) COLLATE utf8_unicode_ci NOT NULL,
  `email` varchar(50) COLLATE utf8_unicode_ci NOT NULL,
  `hienthi` tinyint(4) NOT NULL,
  `title_seo_vi` varchar(255) COLLATE utf8_unicode_ci NOT NULL,
  `title_seo_en` varchar(255) COLLATE utf8_unicode_ci NOT NULL,
  `desc_seo_vi` varchar(255) COLLATE utf8_unicode_ci NOT NULL,
  `desc_seo_en` varchar(255) COLLATE utf8_unicode_ci NOT NULL,
  `keyword_seo_vi` varchar(255) COLLATE utf8_unicode_ci NOT NULL,
  `keyword_seo_en` varchar(255) COLLATE utf8_unicode_ci NOT NULL,
  `created_at` timestamp NOT NULL DEFAULT '0000-00-00 00:00:00',
  `updated_at` timestamp NOT NULL DEFAULT '0000-00-00 00:00:00',
  PRIMARY KEY (`id`)
) ENGINE=InnoDB  DEFAULT CHARSET=utf8 COLLATE=utf8_unicode_ci AUTO_INCREMENT=6 ;

--
-- Dumping data for table `de_nhasanxuat`
--

INSERT INTO `de_nhasanxuat` (`id`, `stt`, `ten_vi`, `ten_en`, `slug_vi`, `slug_en`, `mota_vi`, `mota_en`, `photo`, `thumb`, `website`, `dienthoai`, `email`, `hienthi`, `title_seo_vi`, `title_seo_en`, `desc_seo_vi`, `desc_seo_en`, `keyword_seo_vi`, `keyword_seo_en`, `created_at`, `updated_at`) VALUES
(3, 0, 'SKY PANTECH', '', '', '', '', '', '/uploads/nhasanxuat/KqxMGHS3Rez5s0ATTLyp_download (2).jpg', 'packages/anahkiasen/illuminage/18eaaf07ef24d8271732c505624f79f4.jpg', '', '', '', 1, '', '', '', '', '', '', '2014-09-16 08:39:43', '2014-09-16 08:39:43'),
(4, 0, 'SAMSUNG', '', '', '', '', '', '/uploads/nhasanxuat/BRmRLzI7XZI5g3VID7Dz_download (1).jpg', 'packages/anahkiasen/illuminage/318a6c12dc982651e46f740bf89ab207.jpg', '', '', '', 1, '', '', '', '', '', '', '2014-09-16 08:40:07', '2014-09-16 08:40:07'),
(5, 0, 'Apple', '', 'apple', '', '', '', '', '', '', '', '', 1, '', '', '', '', '', '', '2015-01-26 22:34:05', '2015-01-26 22:34:05');

-- --------------------------------------------------------

--
-- Table structure for table `de_orders`
--

CREATE TABLE IF NOT EXISTS `de_orders` (
  `id` int(10) unsigned NOT NULL AUTO_INCREMENT,
  `tenkhachhang` varchar(150) COLLATE utf8_unicode_ci NOT NULL,
  `email` varchar(100) COLLATE utf8_unicode_ci NOT NULL,
  `phone` varchar(20) COLLATE utf8_unicode_ci NOT NULL,
  `orderNote` varchar(500) COLLATE utf8_unicode_ci NOT NULL,
  `tennguoinhan` varchar(150) COLLATE utf8_unicode_ci NOT NULL,
  `diachinguoinhan` varchar(150) COLLATE utf8_unicode_ci NOT NULL,
  `phone_nguoinhan` varchar(150) COLLATE utf8_unicode_ci NOT NULL,
  `bank_account` varchar(100) COLLATE utf8_unicode_ci NOT NULL,
  `bank_name` varchar(100) COLLATE utf8_unicode_ci NOT NULL,
  `noidung_bank` varchar(100) COLLATE utf8_unicode_ci NOT NULL,
  `hinhdein` mediumtext COLLATE utf8_unicode_ci,
  `hinhminhhoa` mediumtext COLLATE utf8_unicode_ci,
  `isCase` tinyint(4) NOT NULL DEFAULT '1',
  `isSkin` tinyint(4) NOT NULL,
  `id_product` int(11) NOT NULL,
  `id_order` int(11) NOT NULL,
  `hang_dat_lai` tinyint(4) NOT NULL DEFAULT '0',
  `is_sharing` tinyint(4) NOT NULL DEFAULT '0',
  `list_asset_imgs` varchar(255) COLLATE utf8_unicode_ci NOT NULL,
  `list_facebook_imgs` text COLLATE utf8_unicode_ci NOT NULL,
  `phuongthucthanhtoan` varchar(255) COLLATE utf8_unicode_ci NOT NULL,
  `thumb` varchar(500) COLLATE utf8_unicode_ci NOT NULL,
  `soluong` int(11) NOT NULL,
  `deleted_at` timestamp NULL DEFAULT NULL,
  `created_at` timestamp NOT NULL DEFAULT '0000-00-00 00:00:00',
  `updated_at` timestamp NOT NULL DEFAULT '0000-00-00 00:00:00',
  `status` tinyint(4) NOT NULL DEFAULT '0',
  `hasBack` tinyint(4) NOT NULL,
  `hinhdein_back` mediumtext COLLATE utf8_unicode_ci,
  `hinhminhhoa_back` mediumtext COLLATE utf8_unicode_ci,
  `user_json` text COLLATE utf8_unicode_ci NOT NULL,
  `status_sharing` tinyint(4) NOT NULL DEFAULT '0',
  `hasLayerCircle` tinyint(4) NOT NULL,
  `hinhdein_layerBack` text COLLATE utf8_unicode_ci NOT NULL,
  `hinhminhhoa_layerBack` text COLLATE utf8_unicode_ci NOT NULL,
  `id_user` int(11) NOT NULL,
  PRIMARY KEY (`id`)
) ENGINE=InnoDB  DEFAULT CHARSET=utf8 COLLATE=utf8_unicode_ci AUTO_INCREMENT=95 ;

--
-- Dumping data for table `de_orders`
--

INSERT INTO `de_orders` (`id`, `tenkhachhang`, `email`, `phone`, `orderNote`, `tennguoinhan`, `diachinguoinhan`, `phone_nguoinhan`, `bank_account`, `bank_name`, `noidung_bank`, `hinhdein`, `hinhminhhoa`, `isCase`, `isSkin`, `id_product`, `id_order`, `hang_dat_lai`, `is_sharing`, `list_asset_imgs`, `list_facebook_imgs`, `phuongthucthanhtoan`, `thumb`, `soluong`, `deleted_at`, `created_at`, `updated_at`, `status`, `hasBack`, `hinhdein_back`, `hinhminhhoa_back`, `user_json`, `status_sharing`, `hasLayerCircle`, `hinhdein_layerBack`, `hinhminhhoa_layerBack`, `id_user`) VALUES
(63, 'dâdasd', 'a@gail.com', '2132133321', '			    	\n			    		', 'dâdasd', '\n			    ', '2132133321', '', '', '', '/uploads/ordersassets/order-1432570833back.png', '/packages/anahkiasen/illuminage/9d41c3932c01e01d31efc45f5c3418ce.png', 1, 0, 16, 0, 0, 1, '', '', 'Nhận hàng chuyển tiền', '/packages/anahkiasen/illuminage/9d41c3932c01e01d31efc45f5c3418ce.png', 1, NULL, '2015-05-25 09:20:33', '2015-05-25 09:20:33', 0, 1, '/uploads/ordersassets/order-1432570833.png', '/packages/anahkiasen/illuminage/b816bb80341899cea323ae5b896ac1d3.png', '{"front":{"objects":[{"type":"image","originX":"left","originY":"top","left":200,"top":200,"width":581,"height":273,"fill":"rgb(0,0,0)","stroke":null,"strokeWidth":1,"strokeDashArray":null,"strokeLineCap":"butt","strokeLineJoin":"miter","strokeMiterLimit":10,"scaleX":1,"scaleY":1,"angle":0,"flipX":false,"flipY":false,"opacity":1,"shadow":null,"visible":true,"clipTo":null,"backgroundColor":"","fillRule":"nonzero","globalCompositeOperation":"source-over","src":"data:image/png;base64,iVBORw0KGgoAAAANSUhEUgAAAkUAAAERCAYAAAB1idO9AAAAAXNSR0IArs4c6QAAAARnQU1BAACxjwv8YQUAAAAJcEhZcwAADsMAAA7DAcdvqGQAAJxCSURBVHhe7b13sB9Flu/Jv7sxvfum90VH9EbM9r7ZmNezE9Hb04/opod+DD0D3c00tIEBBAgrCQkhCXmHvEMCIeRAFuSFHPJeyAt5CTnkkbfIIOQlZHLrc/Q7P+XNW1W/37W60j3fiBP3/qoqs06ezMrzrZNZmff16NHDjRgxwu3bt6+AbNy40dWqVUv+Jv0fXpeUV1Fkx44drlGjRm7x4sWFznGMc1zDb+43duzY7Pm9e/e6Nm3auFmzZsnv1q1buylTphRK279/f5GvvvrKvfXWW27FihXZPHzZsmWL69evn3v66afd0qVLY69Jki+//NK98MIL8he9unbtKsL/2Ajd4tLt2bPHzZkzx7388suuVatWbvny5e71118XXfSa+fPnu3r16rmdO3dKmSZMmJA95//2/1+2bJmrVq1agXyQoujy9ddfx14XJ5SzS5cu7kc/+lEBeeKJJ9yaNWsK1aX/+5133ilQr1xfo0YNaWP+dQj/c0yvLUmdffHFF6569epu/fr1hc6hA/eizeixRYsWuZYtW0o9aJvSc/5v7Eid1alTR2yycuXK1Ly03XLPunXrus2bN2evMzExMTEpO7lvxowZ7vnnn5eO2j/hk52k/8PrkvIqisQ5OpXQkUJ+qlatKvfDCc+cOdO98cYbbtOmTXI+FylSx92uXbtsnqHg0CAzI0eOjD2fJD4p4vfatWvdc889J+QEZ/273/1O9EeHMC2yZMkSISPr1q0TUgQB3L17t9u6datr0KCBGzRokFzXs2fPbLlI8+///u+xpIjzfj56n6LoUhTnvGHDBlezZk1x7HpM7Q0R4/yLL77oPv/8c9Gtd+/eUnf8P27cOEmL7fjdp08f9+STT0obC0kRpBbi5t+7uHWGfqR788033erVq+U3+tNWKDv3/fDDD8V+27Ztc2+//bYbPny4pPVJUNxvhLqH5EC60vLSdqvl0+v8vExMTExMSl/uo7PFwT744IPyJv/444+7hQsXFiA7Sf+Tgf87Ka/wpmmCI8Bh5EOKcFrDhg0TIvDf/tt/E0KGA9frc5EijqN3s2bN3D/8wz+IEIGBeAwdOjR7DIeF49J885GQFCEQmKZNm4qdRo8e7X71q1+5++67z/3zP/+z/EaXP/7xj3KMc5MmTZJ0ECPI33/5L//F/f3f/70QC3WSnHv22Wfd3/zN34jDJaISR4r0WogZ15LPtGnTxIZF0SVfgdhg1zC6BHFu2LCh2759u9iYvH/7298KKdL6oWyQt5///OdyDhKlbSxsA4MHD5Y6at++fYnrDNE2TJuiDWNbJV3UJcSN/NHbJ5ghCdLfEHTaJXn9/ve/F5vnystvt6tWrZLoFe0be3Ts2FGiSXofExMTE5PSk/viDpqYmJiYmJiYVDYxUmRiYmJiYmJiEomRIhMTExMTExOTSIwUmZiYmJiYmJhEYqTIxMTExMTExCQSI0UmJiYmJiYmJpEYKTIxMTExMTExieQ+FrgzMTExMTExMansct+3337rTExMTExMTEwquxgpMjExMTExMTGJ5D72njK5MxJXISYmJiYmJiZ3Ru5zhjsCxi7jKsTExMTExMTkzoiRojsEI0UmJiYmJiYVS4wU3SEYKTIxMTExMalYYqToDsFIkYmJiYmJScUSI0V3CEaKTExMTExMKpaUCimaOnWq6927d+bX3QtWs6xTp447c+ZM5kjZoaxI0Z49e9ybb74pfzdu3Ohef/11Kde6detcs2bN3JEjR2LTFVX8vOPOh8J1XE+6uPP3glDGQYMGuUaNGpWanXMJ96Feqd+48ypFrf9PP/3UdevWLfbc3SZFKXtZtNOKasukviLuWqRDhw6xX81i19atW7t/+qd/ctOmTcvbfvdyn4CdsFfcOV+SbBonZq/ysZdFikqI48ePu3fffdedPXs2c8TJ/xzjXBLKgxT5x0ubFN1L8uGHH7qFCxfGnstX1q9f7+rXry/1Wp525j5lQYoqgmzdutV17NixxDpb24+XpL4iSZIcEs8O9qW/C89VVikLJ38vS0Wyl5GiEuLQoUOuadOmrlWrVkKGEP7nGOeSYKSo4khpPmjlbWfuw/3uRVJUWjpb24+X0iJF+Tq0yiQVycnfDVKR7HXf6dOnXYMGDSTs+Zvf/EaGj77++mvXvHlzCYd27tzZXbp0SRz5ggUL3K9+9Sv393//96569erum2++kePjx48XAURIxo4d61555RX3j//4j/IWfu3aNTmnuHnzpluyZIn785//LHlxrytXrqTm/9FHH0nHhk5vv/22u3DhgryhkD/5gd27d7tOnTq58+fPu65du8r9fR1Iw/F//ud/Fvnyyy8lnYL0bdq0kfKeOnVK7EL6//iP/5BQXBJ27tyZJUZKiDiWhiRSRAfepEkTGYb5xS9+IfmtXbvWvfDCC9myHD16VMLVixYtyqbDRgMHDizQ0fnOQPMdMmSI++Uvf+n+5V/+RYY9qX///jS60aNHu5dfftk9/PDD0gCHDh3qfv7zn7unnnoqG4r08+b8+++/L/aifho3biyE0M/X14tz7dq1kzyRxYsXF7i2rCTuvpSX9oagH+XZu3eva9iwodj797//fTaKRDmxP3Xy3//7f5c62bJlS4F7pDlgTY99fv3rX8tzwnNHXWBr3w5ffPGFq1KliuiFDjNmzMjWFfpwDP0YlsHu3De8t//b/598qPvf/va3kkfbtm0L1Re6Inq/xx9/XHShbR87dqzAtWUh6Pvggw9m64Z2iN7YgbJzDPtgJ65POxfaBcHu3bt3z9qUa3imtm/fnm2nSXYiLe2ddERHtP/kN88qfdCJEyey91Jbkt+4ceMkP9oP99drylroMz744AN59rk3Q3pJfYXaUuuc8lHn6pAoG+2OKRNz5szJ1hH9ORFTzROb0N9y/a5du6T/oV9Unfz736k+QXUYM2aMPIcMt1AG7ctoE9pu1IboR3ugH6Cv4Bz60z44Tj85YMCArJMPHbn/2/8/qd9RMXuVj72EFL300ktu5cqV7vr16+I0//KXv0jn8N133wlJ2rBhQ8aV38KNGzfEcXItCEkRD9e5c+fEODVq1BCy4YO8X3311USiEZc/Tpr8yPett95yq1atkg6Je+kcIIjGrFmz5H8F13PNV199JWnosMg/Dj4p4p6jRo3KEq5coFOpVauWCP/nQhopev75592aNWukfDQk6mfbtm1SBuyAI6bToizUH9fRwDZt2lSgIfgdHf8/9thjkg7Ct3r1aslrx44dBe5Po+vRo4fkuWzZMvfv//7vbtiwYdKx4dDVGfh50+FDENDxwIED7o033ijQqBFfL85RLvTwrylrSbqv/6BRboZseGiwLWViWIwXBS0n9UAetE/ai+8AfbvoMRXS4xiwEXnwnOFccDiTJk2Sc9yfenzuuefcihUrRAeIaNWqVaXO9Bz/owP1Sb1y3/De/m//f8pG2zl8+LDkMXjwYNEt1BXhevTifv758pCwPOiNHbAdduG3tuG0c2E+CMfpyOmD+M0LBc+8306T7MTzR2d88OBB+Z8XODp/8tG+UO+DqC3Jk/4BguCfLw+hfPQRlEWP+WX1bURdY8twLoY+J/QHtFtt9xzjXJgnbRknCTnt27evECg/P//aO9UncG/623nz5rmTJ09KH/fEE0+IDfbv3y9Onxd42hR1TJAAZ0/ZcOQ8/7y8c65Lly5ynDZF21Kb+P1L+Fv/T+t3NJ3Zq3zsdR8ZohB/AcThnXfeyZIBSA7HAJ05URqMADvjHNCOAPjXg/A3gGWG5AXkkz/Q3+hIBIn8iQ7x0GMsSM/SpUtdtWrV3KOPPipvMVxDJ/biiy9KWshSCJ8UQQR526TyL1++nLkiHv6QmUaM/DlGcUgjRX4HTmf6ySefyP8c4xzXaEPSTh+9KbvfEPy8wnyp7/bt2xdi134DJA8IjjY0jmvD9fPTTl/zCH8jvl44Ehw711An/nVlKUn39csMYYdk6NsvQsSC8oblwi68NKhjRUI7++Kn5zxkg8gCv/10vGHT2fhp+U2bCc/h5Ig8kT68t//b/5/0fvkQrVcV1ZV20qtXr+yLSHl2wmF50FsjMghOmWeNNpx2LswHoVwQfOqdtkC0mmfJb6dJduI543kj3wkTJrjPPvtMjuMUIAsQV70PorYkXcuWLYUobN68WXTwrysroY1QPtq/f9wvq28j+hv6SP9ahDIyAuATIsTvF/w8+U0UgZc6nKCfJrz2TvUJob6UBT+idUO5tI3Qt9M/aFr+p3+EiIfnIIBqE81Dz/m/9f+0fkfTmb3Kx173UZiQFCkZAUpqcPIwMRgh//vXKUkBIQkKfwOIDJ2Vj3zzB/5vjMB1OJf+/fsLUYLQ4CgoPATH1wGCA9GB8IR6+aQIQJy4D9cSqosDuiohIjTsD6VxLglFIUUI/3OMc1rxDLERKdC/HPMbgp9XmC8dFJ0zrJ7fKn4D9PPiN8e14fr5+Toi4W8kzIu3B6Ij//mf/1ngAShribuvX2YeNtohBN1Ph4Tlirs2tLMvfvqwLv10caRIHRXin6ONQ1hIH97b/+3/T3ry0TzixNeVvgEnTnvhudL8y1rC8oTEB714W6QNp50L81Fh+Jm6py/CaZPGb6dpduLFDiGqSjvgWtoQ9wzv49sSUkm/Q50xfBYShbIQ2ift1HdCiF9W30aQRd+WKtiKfo28dBgE8fsFP09+8wafDyni953oE0Id/LIg2jfEOXleivCdOPnQvthP89E89Jz/W/+P60tCMXuVj73uoyPIhxRRyNq1a8tDc/HiRYkmxZEWn4AA/c18Ht6MKQxzeRg+Y5xPkW/+wP9NvhiK8ULyBkSh3nvvPXf16lV5i3/mmWcK6ARxmjlzpoSUfb1CUgSIOvXr18/NnTs3c6QgSANT9ucQ8T/HOJeE0iBF/OXNk45KoxV+Q/Dz4v8//elP4gDomPlLKJ90ECrKTaflN8CwUXGc83pvzdvXEdHf5Ee+5B/mhdDmmGNBJEKPlYeE96VMPCz8z9s8QyOQkLATp0w6HMx1kHt1pnqNbxd+Q/JxgLR1305xdanp4obPatasKcfJT4c2qMeJEydmh8/odBgyYigc/QhXY3Otf80fMqDDgKp3mq4qOELO81WYf7ysBJ2JxGnHFzdERvlow2nntOzko+2R/CgnkekWLVpI2Tnmt9MkOyHkSVvQqAnPBk7g448/lvP+MxVnS+qPTp1+zz9eFoI9aKc6lKHH/bL67cO3pZ+P9g2QQZadwH4c9/sFP0/aIP3y8uXLxU5cV9H6hFAHvyyIljm0oT5fPXv2lOEgysRvjtM/1KtXL5sPdQ9Z5hz1/uSTT0qefv6ci+t3zF7lb6/7uCgfUsREZeZQMKz17LPPuhEjRsSSFr1eob998gEpQWkmdjPpDwLB+XzyB+FvCAYPNCQIUJa6detK3swJoONDB8gYE6w5TueOU0kiRTBXdEEgaFyXBOZehYg75qM0SBENg7qD3Gl6vyH4efE/1zJkRpn8iah+B66NLsyL3/4D4Oft64jo76QGSqfLZDfqwR+eK2tJui/lYgIqDybze3D6ODyu43o6dGxNmZg4CvHAhpBR/40ZCeuvOKSI35BWnejKX35zXB9qJjmiM88M7Zf0nGPyNseZuE278Otf/6deeL7IQ/NnDlucrtgDZ891XM+9uQ+6lLWgKx0f9UD5tew6URnCwjPNtWnntOwhKUKwEc8F9ctvv50m2YnrsBFtRCMq9B9MGIXI8tt/ptSWEDT0Iq+4iaFlKehLP0u7pU3TTvyy+u3Db2PYkqE3f6I155lXRN2Qr98v+HliO5wg10PoOc4QZUXqE3wd+O2XBfH7Q8rqT9blf45xDn3RG/2ZVwNx1Hw4xzHO0WcQbdU8/fzj+h2GPs1e5Wsv+yTfAxEemK2Sq7JEEikqitCRM6RBhxZ3viIJjRDnkxburOiizi3u3L0mSfNKTIouZst4uRf6hPIUs1fRpLj2MlKUgX7xBlkpD5QGKWJyGlEwfcutqMKb4vTp04Xl8+Ycd83dIJWFFNGJ0JnokJJJ8cVsGS/3Sp9QXmL2KpqUxF5GiiIwSZs1FnRIrTxQElJEiJuwIENgTGSMu6aiCJPe//Vf/1V01eGMu1UqAyniM1nCzEwcts63ZGK2jJd7qU8oDzF7FU1Kai8jRXcIpREpMjExMTExMSk9MVJ0h2CkyMTExMTEpGLJfThnExMTExMTE5PKLvf5DIlP3QwGg8FgMBgqI4wUGQwGg8FgMEQwUmQwGAwGg8EQwUiRwWAwGAwGQwQjRQaDwWAwGAwRjBQZDAaDwWAwRDBSZDAYDAaDwRDBSJHBYDAYDAZDBCNFBoPBYDAYDBGMFBkMBoPBYDBEMFJkMBgMBoPBEMFIkcFgMBgMBkMEI0UGg8FgMBgMEYwUGQwGg8FgMEQwUmQwGAwGg8EQwUiRwWAwGAwGQwQjRQaDwWAwGAwRjBQZDAaDwWAwRDBSZDAYDAaDwRChUpKiS5cuuVq1armHHnrIrVy5MnPUYDAYDAZDZUaljRTdvHlTylu/fn13+fLlzFGDwWAwGAyVFZV6+GzHjh2uadOmEjkyGAwGg8FQuVGpSdGRI0fc66+/7g4dOpQ5YjAYDAaDobKiUpOiGzduuKlTp7r777/fjRo1KnPUYDAYDAZDZUSlJkVHjx51devWdadOncocMRgMBoPBUFlhc4psTpHBYDAYDIYIRoqMFBkMBoPBYIhQaUmRfZJvMBgMBoPBR6UkRbZ4o8FgMBgMhhCVevjMYDAYDAaDQWGkyGAwGAwGgyGCkSKDwWAwGAyGCEaKDAaDwWAwGCJUKFLEJ/KsLs3WGydOnMgcNRgMBoPBYCh7VLhI0ZUrV1zHjh3d2LFjM0cMBoPBYDAYyh4VcviMfchsLzKDwWAwGAzliQpJiubNmyfRIqJGBoPBYDAYDOWBCkmKzp075zp16uQeeOABmWdkMBgMBoPBUNaokKRo/vz5rnv37u7GjRuZIwaDwWAwGAxlC5tTZDAYDAaDwRDBSJHBYDAYDAZDhApHiuyTfIPBYDAYDHcCFYoU2eKNBoPBYDAY7hQq5PCZwWAwGAwGQ3nDSJHBYDAYDAZDBCNFBoPBYDAYDBGMFBkMBoPBYDBEMFJkMBgMBoPBEMFIkcFgMBgMBkMEI0UGg8FgMBgMEYwUGQwGg8FgMEQwUmQwGAwGg8EQwUiRwWAwGAwGQwQjRQaDwWAwGAwRjBQZDAaDwWAwRDBSZDAYDAaDwRDBSJHBYDAYDAZDBCNFBoPBYDAYDBGMFBkMBoPBYMgfxzffs2KkyGAwGAwGQ/6IIRP3ihgpisGFCxdczZo13bBhwzJHDAaDwXA3Yc8nm93K12a7a+e/zxwpO1y7ds316dPHbd4cOdYKhDlz5rhPP/3U3bx5M3OklBBDJu4VqVCkiIpbsGCBe+SRR9x9990n8sUXX7hTp065P/zhD/L7Bz/4gXvttdfcwYMHM6nioWmmTp0qv/fv3+8efPBByS8XikqKkvSujJg0aZIbP3585ld+2LNnj+vQoYO7dOlS5kjFBG2qVq1a8jcE9d2xY0f5f9SoUdl2gNAO49KUFbBj06ZN3Y4dOzJHbumEpMF/zihnadaHrxP/k79vo1y6lQRHjhxxVatWde+88467fv165mjpgz60efPmBeq6uHWRL/w2WZb1V1Sc2/WtW/z4RDf+B73d/H8b666cKhtdtr+/1p1ccSTzqyDKixTR/48ePdq9++67Qo7uBHr27OlWrlyZ+XUb+LKGDRu6xYsXZ44UxNKlS90DDzxQ9PYSQybKW5ZOH+UWTRkRe64kUqFI0dq1a91f/vIXt3Xr1gLM1n/waXTDhw931apVkwpPAtfWrl3b9ejRQzrCuXPnujfffNPNmzcvc0XpIUnvyojidPg4DBzHnezE84HfDkP4pAio478T5Likjrgs6sPXKU6/ssT8+fPdyJEj3dtvv+1OnjyZOVr6iGsfJa2LXIi7Z1nUX5EQdYGb2y93h6d97W7eKNv+cFObL9yJZYczv+4M9u3b5+rUqSM+9E6Bviepr6E91KhRo5B+tA8I0/r16zNHioAYMlHe8vnEoSJx50oiFYYUQVxatmzpJk6cmDlyG+GDTyU/99xzBTqCELt373bt27d3gwcPlkY7YsQIN3DgQOmMaAzkxxsVkaf69eu7M2fOSDoaVtzbK/dq1aqV6969u/vJT34iUSHukaY38PP72c9+liVllKFdu3YiP/zhD92LL77oTpw44Y4ePepeffVVebsF5E9nTscOaPya37PPPusOHTokxyGIlBfdOOc76CSEOvA2ffz4cTlH2bt16+Zef/31rI2UhPJG8tBDD8nx559/XqJw5PXzn/88qxvCb44DyqZ58WZCWNevB1+4d2iHq1evumbNmrnVq1fH1oXehzx79eolx7H3mDFjcr69pbWH06dPi/2xz49+9CP32GOPZdvdhg0b3JNPPinpfvzjH+ckRejIMQg9tu7Xr5/ouG7dulQdfNv5NgKqA+c0gkpeSY44zXYKfodONa7+9AUgqU2SXutC05F3nH4K8pw8ebLYBZs3aNBA6gAktUmOt2jRQtpk165d5Tj2pU/j+eENnnuhi18ftGON7vptVXVAX875kT6/PXA/IsRc79tAhWNpdQGSbMf1cf0DSGuTgLRh/fl1ke9zUVxcv3jNrW+w0J3dcaveFHtHbBUB/jVEkTY0X+K2dlvtJv/dAPf5Q2PcuV232j64eOCcW151hpvwt30l8gQJQvjfF41IIfzPsVXV5si9FESNNrZa5j77rx+6af/PYLd32Ffu5rUbOXVIw8cff5ytTwVtgrZBG6GeqC/qjfbKy/qmTZsyVzo3YMAAyQPEPc8gqT34/kUljEzzDLRt2zbrQxS0Cdqff23eiCETyO5Vs12rZg2iMvzVdW3Xwn2zdYm7tH+t69Gljft6zezsdVNH9Xczxw6W/89+vdIN7t3V/edTT7p6tV936xd85m4e2+QObpjvhvR9V4RznVo3dWd2r5Dj1V99yf35z3/OCr85rvmXRCoMKTp37pw0lu3bt2eO3AaVhsPg75UrV6QBUclUdhJoRB988IFbs2aNXE+DgJCEjffGjRuub9++2WE2hd9xAe5N50Ne6DBo0CDJP03vEJAHolXfffed6Peb3/zGzZgxQxw+Dw06hA0YUhD3FsJDR1p0ADwcTZo0Ed3yha8DHSQPp+ZH2Xk4d+3aJXlCSHAiEMwqVaq4nTt3iu0+++wzcVx639BugHPoxrWkIe3TTz/t9u7dK+fjOnHs0KZNmyyJxHaNGzeWTiWsi1mzZsk57MjwHVEB7oPNsDcdTb7w24PWBZFJ7ANh5I2L+0PaIIR0btTFwoULpYNRUJY4UvTrX//aTZs2TYZnGc6hDKG9wjbJdQzlog/PKG2FslI+6uXw4cOShmgo586ePZvoiNNspwjrI1f9KcI2yT26dOki+fCc0E7IW23jd+RqJ6KukOFjx47JfXHkRHvJG/3j2iTHH3/8cXlmaM/Tp093jRo1knsRGcIm3J97oBt5oQP6cL8Q2AgdaHM+SMe8ESVCnIegHThwQM6TTvspRVxZkbDOQ9uhe1r/ENcmFWH9geI8F3EO12/jcSByE5IVJUJppGjBI+Pc7oGb3PXL193u/hvdtu5r5DpIDMTm0JTdQl5CpEWKyJt7ZElRxOG391grcuPKdXfp6AX3xXPT3amVR1N1SMPly5fl+fFJDuDZ0HZHPQ0dOlSeacBzgQDOv/XWW3J90vNM/Se1BwX14vc1IbhW25aCtkOkKPQteSGGTJzbs8r179HZndi21N04ttGt/XyCkJ3vD30pBEhJ0MV9a1zvbu3c0c2LhPx8NuzDLBE6tmWx696plTv+1RIhOXXeqOFWzB4jeZDXFzM/zd6vqJGiYf26FyBSyJalkQ2D6yoMKYIowIyTSJGOlfOmw5uuvj0mgUZEI6BcdAA0OhoNnZESgJ/+9KfZhz3spPjtHws7PPKiIabpDejAn3nmGWH+3EdZfNhx+fcjGkLedIB09DgGQMfpv8Ei2knxRkElMzdn27Zt8lDlQqgDDzYPOA96WH4FJAUnrQjtEpcOYofz8B8+/yGO68QBdoAYYQc6dSWK4T01/2+++UYecrWNSlpnAZLaA/mTr76h+/clT97aqBOg7UGhztC/N+WE4KIndqbNqL3S2mRIiug46RiJMBGh0usR7omdsSf3U+h9kmzn101YH2n1l9QmSatlBPxWnfz/Q2CDsWPHZn4V1EXLEIJjpONayBBESPNHR31+KEfdunXlmUVvHBMEEYcBkVRAuHiOIL2LFi3K2oF0kEHf3n6EKbQtiCurliPtefbLDTQNeSe1SUWYlrZSnOeiuChOpAjiw18AyYHsAM6vq7fAXbsQPy+oKKTo2rmrbs0b8wpEgFSnNB3SEFe/gDYV2lvrFl9EO+UF76uvvhJ/lvY8c4+k9qDQ5zEJnNP7A9Lef//9QrK0DysSAiKB7Fg501V59ukCpOP9zq3d5YPrhAB92L2TRI32rZvnBve5RZbO7436+OYNC6TRqA8CySI9+YckqKikKF+pMKRIH9y4OT9xD34u4OAJm/ugYUCUaHy8cWqoOmxgIDwW6qCNLE1vPYdDg6T4eaQ1ch4WyAAdH2/JPDiAN1MajX7hEDZ07geRoOOvV69eNu8khDpgF3W4YfkV5UmKsAMTV+lEcHrquMJ7Ypc33ngjSzbCt7ZcSGoP4X2oD8rB79D2S5YsKfCbspBWywi0nKTnL7/1XmltEkJIBwax1kgJIErCGyNkyQf31vwVSjbCMqntcPiKsD7S6i+pTYY6XLx4MRu9idNPUVxShOi1vn07depUwMngdLA1wBkQkWJo/eGHHy5QVzyvlI3+4tFHHxWbU37sgD3iENoWxJVV9U17nv1yA00T3sNvk4owbVI0IxfQx7cd4rfxJORDiiA5kJ27nRQl2ZY2TFuOA8+rDunyZZi+7CU9zyCpPSj0eUwCJC3Uhwgnbcl/rvNGDJnYumy6RHOuHdlQ6BzHxgzuJUQHIrNu/mdynOgSkaGT25cVSlPapOiuixSBKVOmuCeeeEI6IJ+9xnU2PugYeIMjPKnp/A5GocdofC+99JLM2eBeOBq/gYGw0YU6+Pkn6c0DQ5SKIQoa8yeffCJhfvLI1ciHDBkizpCHhzdXwBymp556ShwnwzfkHddJ0WmHIXV0I/zK0I0CHRhCIIQLAWndurWUBYT6KCBo2BpdcByE5JnPAZECPHzMsVKdAXnTcXOONFu2bJHomQ474ByYA6K/faADNmAOi4JyUT7Cv9yHuWJEA7A9b/90LP6bv484OyS1B+oGgslwCWUgMuRH+hjXx6ny9Rz16tcFaWkvfkeldU56/vJb7ZymA53uxo0bM7ncBm2AeSgrVqwoEBmkU4VUKxknHI+u1F2a7RRh20yrv6Q2SX4QEtoH96FeIHbkTb5a/hA4COZc8UyTDgKuww5qqxB6PLTvqlWrpKw+ieG60DlQJvSLy5sIHm/y1KPalfRqGx8Qy1deeaXAxNW4sqq+ac9zWAeaht9JbVIRpgW5novSRBIp2v/pdrf1nVUyDLZ3+Fdu5v83LCcpunr6slv29FR3bO6+2EnbDHHt+nBD7LmQFHHfjS2Xul39Nsjw2cVD59zSJ6e4b9d/U2xSBGgPYdvRfpKhZv/ZUtDOme9K36akJOl5BkntQQF5R48wHeD+nTt3LtAXAfKivfltJ28ERAI5FRGbdi0aua+WTZPhs/A8RGj6mEFCjiBDHIMsfdynm8wxunIoem6863ORIobSBvZ8RyJOeqw0pEKRIjogJgD64WQqkkorTVJEZ8Jbq755E43QBsZf/80oSQc//yS9AZ88MrGRYT86MOYqkEeuRk50hPA9jkjBfYgc6SRP5muoDr7e6EFY3n8Yk0iRTo5m2IaHinuAUB8FeWrIH/vhLLG/Qt9cOecPLXB/HUZEd0iAgntyb2yELqEd/vrXv8pfBfbzh1OZYE6dAv76E85DhxFnh7T2gJ6//OUvpQ5x8PpWjs5MlKYu6MiINsTVha+D1jn/85ffauckHbA37drPj/MQMYB+/lIQqrdfD+iu7SHNdn57UNEyJdVfWpskDS8L3Oejjz6SuRPcgzav5Q+hbYH2SJ48M6qf2iqEHg/tO2HChGzkU8EbPfO5IOJqB+5DtEzbsW+H0EZcw7Wk4Tx9gj7D+mxgb7VdXFlV3zTbaVni+oekNunrraL5oX/ac1GaSCJFl49dcEv+MlkmOW9uu9ytqj4nJykC3375TfbzfsSPDMV9+k+eM/5pSPZ6RPO7ciK6V3RfdJj+j5+4gxN3RRUXHS8BKaJvYgoFkWqF309qXahPAPhb2hHPBdcqkp7ntPYAeNboF+LqNunrOPKifRSrHcSQCYRoUcN6b2QjMT6JgQgxnDZ5ZH+ZP6THmTzNcSZTk0aH3HKRItIRZWJS9z050dpQ/ggftIoG3noY84Z8+B0HD3EaSb6XwNsjE9uZJwZwbkQKfLJcFFQm2xkM5QH6pju9TlES6C+YwhG3TpEO/THlwu9f80IMmbhXxEhRJUZFJkW8VYWRAkVlcuwMIREpInLCWyB/e/fuXew6M1JkMJQ+IEMMYRV13lZZI9eK1kSmiFL6Ec+8EEMm7hUxUmQwGAwGgyF/xJCJe0Xu+23jC86XWasrVvjPYEhFTKM2MTExMTEpjtxX+/2bTuWVLtfcX9tedNdzL3FjMFQMxDRqExMTExOT4kgBUlTzvRvuyXaX3Ipt192NMt6zxnBvghVo2YSRzRjLBTGN2qTkwiJrfNkxe9ytVWhNKoecHNPf7WvX1F2P6j/uvEmynPt8gttdr6b7PmbNHZPylZLURQFS9GYkVTt/72r2rJhfI92tiNvBuLiTnJn7Fe7EXVaI24E6/HQ1REUiRROG9pVPRP1j3+1eKZ988tc/no/E5VfawqeqLHnvf9aqC4z5i4/5ewSFeahQxsb138wujc8S+m/Wqh67YFkoxSFF7HNEGv20Fn3jrquIQnn5/Bfd1T7hJ8C+yJYGH3QuUjsir7BOSyKnxg50+9s1cxdXznA7a1dzl7/8PPa6JLm2e4Wk568eKw9SdGrCYLfhD4+KnF88OfaaspbL6+a6nbVeE9thA3SKu64oYqSo9OXKpoXuSJ8u7sbBorXHUiNFb3S/4Wp1v+l+1+yi233YxtBKC6wF4a9RAYpLisrz6yHW6fDXBAG5SFG5I6ZRq+CUQ+dTElIUl19py/YVM1zLxm+5fes/L0R49P4cZ3PFxm/VliXz/Wt8oYxsxDjukz6ySBp7EfXs2lb+xl1fEoEkdG7T3C2cPDx2RduKLtg1XAgujRRVhHaEIz/S5x13dcsit/utmrGk6Oq2Je7wBx0j4rO80Lk4UlSegu53jBRFttrTrJ44zYNdW5cKKTIpfaGeDr3btsikqCRSgBSpVO1y1XUYmf/Goncbvh60ye366PZmiGc2nnCrasyRKIe/8Be7JbMEPCuhsiDZurcWyEaBcx8YJYt/7R+9TRb+SgJESBfhUvEX8mPxLlaZ5dPz6tWrZ4mOn44F2nQLEciVnxeii7OVJiBC/sJniL8D9fIXZsjKtNhn4e8nuPNfZ3Zz99Lpcv4Kf9G0uPN8ds6aGXyCXiTENGocjr6RqxAxwYEh7N7MqqrPV3nWNW9Uzx3ZvEjSsfiX7r7MORwiDj4tv/DeJRHuhWNeMm1k7HnfmbKgGU45zbkejt6yhn74nqwieyxynHMnDHHTRg/IOnry0/KwEi0bOXLcL69PCigvexaN+fiW7YhmcQ/OQbTY5DFudVk/v2qvvJQlZUn55dpVO0lvyOKy6aNdrRqvybmi1BE6hgSI35/0fVfuQQQJHagj//4qHCPN8P7d3dCPuks5p3860LVt3sgN6NmlgF38evSFjS/btWycXe03l5yeOESIBaRmX5vGhd6KL2/43H3duI47v+Q28bj29Up3uEdHt/GJx9ymP/3R7apTQ9IjO9+sLtEbiJI6ISJG+zs0d5dWz8rmcWJEX3dydP/s7yS5+tUit69VI7fx8T/ERoVCUsQ9uTfXkuZgl1aiL+fQ40jvzm7zU3+S86TVdOeXTnE7ar0qx7dWfSaviNnl6Fnf0/wtKTd5nZ0zRo4f7ds1+t3FffXC0+7kyI/Efoe6t3M3D62XfMmf+6AHROpm1B58vbGhTzJJc6RXZxFsvrdFfXdtV/SCnDmfJEm2S9KBe0J+jw3sLsexB2UkDXVFnWne1CV1ik3Jl7wQynx27thb10XP0pmpI9y2V56PLVeS+O2LdEo2pf4yNthS5Ul3atwg0Ztzxwd/IDpur/6S6P7t5KEFbOqL5lecuuCak6P6ud0Na4sexz/umdXB1zuWFL3W9br7j7cLrg1zL+G7LSfd6lrzhAQBCNLBCTvlfx8sMb+m9ufuwr6zQopw6kRPvv/uqhxb+cosuSYXkiJFrKw8fvx4WXEXchS3IB8r77L8v+5NVdRIEZEorveJlL/SdBqSIkXsJr2j57rE3aR1PyEf/N7Ra33scvygNEmRSpzzwUk2bVBHdma+GnV0OK7xQ253GCo4pt7d2suQkx5LcmZxoqTFd5y5Vl1l92jIwP718Z263h/nv335dNexVVNZWj/uWoR7UTauhVCwzD6EJHT+5IdDDu3AdSEpwnYzIpIV2g7CMGfCJ9lrkwR7Eq1iI8i0/JJ21fbzCvUmPwivX2f5CFsSEOFC/OOUnWgc9QHx6tiqSTZv7hUXKaKOGEJcGelVu2Y1t2HRZPntX1dapChNLkR1vrtRbXdp7ZzsMRzA4Z6dZdhNHOmOL9y+dk0KOfHwzRyHpSToelQXB7q8LcMaej5OhExFzunM9JFZxxNKaqQoqpNvhvaW9PzmOvSCnPjXoefBd1q5C19MK3Ac8R2+ik+m4oTzDB9+N2uU2/7qC+7cggnyOyQEONEDnd+WKF32WHQNZQ7tub36i+7MzNGR7l+K49UyJUk+tkN8HbgnBBenfyPqeyB0kA2uow0c6NRC8uU3BOnMlGEF8kLI50CniCxF7Y/89rVqWKB8uUTbF/e+cejWKtQi0XMKARESEtUf5H1vywbuwrJbz4Da/NrO5e7Sqllu79sNRQfOxbXHUPKtC0jRrno13JWNCySCCimWNJF+3wzp5c59Pl7+r5SRIva9+bLJYiFHECMiQJAcEEY0iBoRPUpauj4f5DN85i/b7m+pAInxl20vKikqCfIZPuN8uBx+HCkiGjf316OEQF08cC41wlYkZBp8nCSRIt+ZcZ7r+D9cbj4kMUnOrLQEooBTTyNF6MWy9kQgdq+6HUmJEyVFOFmICKQC/XH2EAo/qoKoHVTiSFGS7bhPEik6FHVC6Ive3MeP2iXll7SrdprenCdKA1ncsHBSob2U4oR7ow8EmPr3z/nlh+Qy50jbQ6i7CrpAPCnLkL7vZtuUfx3XlGU7IkLEHCN1Oiri6HA+u25FKuIcR5wTggAd7NpGnCoOlogEDl7Pxwn5kObGgWRnFpIinCoOm0iCkhiNDBA5YYiQKM5liJ7urRW1B4gAhAAScT16hjS/4gg6ETVCLyIbDDuqjbDb/vbNs1GQMCqVjz0pj5aJcxrtQNQWabZL0iG8t+ifIYAQkUPd20vdUYeHurXJEgiNJmpESqMrpMHWEIdz8ycUIDmc16giouXhuN++VIRId26ZjVwhvh38dhCWI7SfSnHqwr8n+ZEvaSBg2EDLkzinaNc9Pqfo2Lz9bt/IrUJydJNCgNNmXx6Ik0+EyosUETVK2lkfFJUUlUWkqDikCEBAjy84IBs8bu162+YlQqbBx0mc8wmdWejYh/d/X5xr6ASRojiz4kSKuG/f7h0T5/wU1Zky/MQwoX+M9JSTiEeLxvXcnkwkwbeDSlFIkW7OGM4n0jIxYZuIjJ9HWn7kE7erdi69uQfXUMZG9Wq7Qyn2ViENka64SFFxSBE6qV5x1+k1frrSlrhIUegocCxhFCTOCUFWjg3oLudOT/jYneWNOnMuSbi2qKRIdG5YW97i+e07MQQiBtHDwRIZyOoYESOiDwzJbK/xcjZP/qqjU1GikCSqE8L/vs2IvDC8BmHwnaqmDe2LhPYMyxQnabZL0iG8t+qv6agz6o5rqUvqFHsyn4rJ9ZDMQvpHxyBP3JNJ6RAozS9OSFdepKg4deHfs4Dtvl4peuvwcwFSVJm+Prt09ILb1HqZ+3pwZKyVRzNHndvSMWLBfb90N65ed4enfe3mPTi6xKQobgfjJFKUtrM+iNuJu6wQtwN1SUiR4tsN30h0Dpsq2N+MTX39zWXzQqbBxwmOEWfn79gcOinfqY4c8IGbMrK/OHKGMurXqVWAxMTlV9qybMZomedEdIWoiH8uzZkqiWCIR4df/LKp6DHm7rRu3kCGhRiCI5IUXlsUUkRkh6Gm5bPGFCBGDIuR98rZYyVyM2vs4Kh8dSWPtPyQuF2189EbQQeiS0n2CoXr/LIiaaSIqN477Zq7Xatuz7VB0IW8tCxhGf1r/HRIaQ6fIeGcIhwBzolhAhwukZC4OTBxTginSkQGh4oT8c/FCdcQZTg7b5w417hrfGeIMDdob4sGkhbdIUhxBOL7qO7DYT+R6D4M88WlyVfSSNGxj951J4b1FTLBcNiOmq/kdMShPX3HnCRptkvSIbx3SIpw+MzJwj4aQWSYjeGy72aNlkgQ5xhe8vVHZFjsg44F6ipOICgMZerwbPY46Xt2cidGfijXQHq/blJHvvzjfBopgpRlh7ky+SHFqQvf9j4pyuo3vK/YoQApqlTrFEXF29nnSxkq8+cFnd1+2n3+0BgZPltXb4HMGyopKYrbwTht+CxpZ33AHjbhTtxlhbgdqNNIEURIJ1qraKSJa/QY9g0/9Z8yZYr70Y9+VGjpgpzINPg4gVi0atZAojT5DNkciB4QJvsyfMbQzXudWhUgRXH56bnSEpz5gsnDCgwPqQNNcqZIUUkR1/NVGmXl8/6R/Xtkr4UI6L19HdJshzCc5w+T6blNUYfHxGMmUzOkxBAheeTKj3Jw3t9VO01v6sqfKM8kc4bfNL804d5FIUU6jEe5/LLyl7y0LH4Z+a32RMLIYWmTIiT8+gzise3lKjKp9tT4wdlIEc7BH8oJoyo4aoYrTgztEznq5GUgfLm4cqYQG81PHR/5+vfRoQ+GdoiQMJRDOiY4qxPjr17P5F8mAaMHuutQDkMp6BhGKooi6qCVVPjO9fL6eTKBmfugJ8RMCYk/nISQBsfL+aKSIiTJdmk6pJEibEXdiX08Unt+0URpC0xWhiQzj0jK6rUHORcRKp2TlCbhBHEtqz/cxf20/jinNpfrgnJAWCAr6ODnV5y68G3vkyK5r6dfAVJkK1ob7gQgekuWLHF//etfZVf4IiFq0CYmJRXWn+rXo1Ne85BMTEzuXbG9zwx3HES7iKRt2LAhc6QIiGnUJiZFFSJKRLGIQBHlibvGxMTk3hfbJd9wdyOmUZuYmJiYmBRHjBQZDHcTYh5iExMTE5PSESNFBsPdhJiH2MTExMSkdMRIkcFwNyHmITYpudhmnne3WP2ZlJYYKTKUG3r27Fn0T+4zKMqilZMmTZLtU+5JxDzEFV3y3ZG80GfECcInxXyurZ/tloZUJKfKejFx2zCUpYSfjpe18Mm5rqSsn0zrOT6P5nP08HiahPVHG2ErCX/xSvJinSYWiaSd6SfbfOL/3ewxtz4Rj0T3/OLzbLbl0E/Yabeahn26WN5A806UKD/y5jN08mN9HV0d2v8UXba3iPTV5QRYp4nf+ml7Ps9FmvBpO4sdkmfYxtkLjbrQrVxU0tLwm/WDKA/XcYyybP7L49l1kPzP67EhS0Pop/Vat/41mrfaJa1Ncl7rAtH1tsI+JC7/JFE7GCkylBviVvbOF0UhRf6aT/ccYh7mii50bvnsSB52aElSlI7ubhMhfJEjYF+yuPNlJeVJitimg41RWWsmXJwQB3ts0PvSDkqkT0RGcOh+W2O7EtZlYlsHdbwcv7hyena/LfZQY2FB1ndioUGcvjp+8pL8orxZABPipus/JQl2pax+fkp4VQe2JmHRQ14eOI6ebNOSa++zogjPHgtvfjOkd7bcKifHDHBnpo2QBQx9e6elYTFPbCGkUdfAiq7Z3eANqT/09p9TVqDWvc/8fOKeZbVLLlIU11eEx+PyTxK1Q6UkReW1Sz5ghWZ2w2cnfBZbVGeNc69Ro4br37+/LMT405/+VNbqAdeuXXNjxozJLtAIGdBFHksTrA+0YMEC99BDD4l+bEp7+vRpWSuIBSOPHLm1wOL169fl3Pz58+U3n87zCT17s7322mvu4MGDcpyyffzxx3KO/Hr16iVp/V3/Vfz93JKALtyXvFjY8bHHHsumgWBpXs8++6w7dOiQLIjJFib+ffwtTXw9sO28eVGnnANJ9Ud9sIHtoEGDsvajzrCpb1fShGU9cOCAlGXt2uhhLypiHmZdSDBud3gWHxw9qKdsSsqiin3ebZ9d0PBs5IAH9+6a3estXLywtCRpR3LEX6SOt0zt0OgQ/cXj6IDpaDnvvyEimobOkw6QY7xh+7usI6yKyx5Z/uahfhp/dWf+siAc+0QR5aLDlEXnMpt5+nrwdnl1a2YT2kykgWv1vOYrb8uZnbiJNOgGlKoLQqfsv7FTblaSxkYSaRjUI+twknZFT9OB83F2wN5sGqr6UV8aHUiqC84l7lCfIQ6Us0DEJTp+rP97hfZlU0GnQ+93kLf2fEhRUv0hOEjIhjpi6g7nzP/UH+fR5/yiSUIIbh5cJ0TKb5/YQBa4jHSn3AjHuQ82IqLDHmFh1Ejz53rdoZ48yIsXA1Zi1muo39Pjb5EtruN66ll/+8ICirrbvNattn90EHtHbT9cBVq3+SBKhv01b/Kj7KwSzmau2fpLSUPd67YvEB2xY3Scv+QFKYLYYSMlJOjIYqFhmfxr9JjahfxZUJH2QHn3tW2cvY7zWm5fwuN+/mm28+1QKUlRee6SjxNlB3h/iw+Ak2T7DrbxwMHiIHGybPMB+ahZs2aRFjL0SYJKrqjM3r17hXScO3dOiNjQoUNFV4hM27ZtsyQIclSnTp1sO2nWrJk7fPiwlGnu3LmSB3u2UVbKtGfPHjlftWpV2eVfUZRIkeowfPhw0e348eNCIkMiBQGZMWOGbKWiQA8lL0lAL7ZTYduUNCTVH3UGWaJMZ8+elfzQD/t89dVXrkqVKrKSOfqFKG1SBAFK2h0eosMq3KzGzZYbrMrMQoWsDP1J33dlZ/p8Fyz0V4xWYbVmVnuOuz6X4HDovHGAdJYMgcR1dDgTfxfsuI60kBwruMs6EkcGVMI8+YuTZcsCOtL9HdgOYVRh/SK92WZAnS3EhOEGIgOy51On5jJsyHX+TtzogoP0HRcdM6vz+jvQ41R1Z29xqm0ai5NCv6Rd0RN1yOQZZwccUHY396htsIqw5ueLXxcQkqQd6ikDzoz7k9/JTwdIxIE0EE3IHKQNkgXhFKJH3hExIy36FCVSFNYfQvuSKE2kKyTk0HvtxHacox7VMbIbPiRNdIvu6RMDtkOhTjiWJUVR24I4SdQpqjNIDL+J9OBYKbMSDO6Do6YuWC2aVaW1XJyDVCjR5X7oCWk6v2CCXEOZfOd9euKQ7J5fl1bPvqXD3tViMyJcsj9ZpN+3U4beJoRRe8PePGdEdcgfW5MfOh79sJvcn7Jlh21T0vAbkks5KZu0k+h6JSTYkjr160S2bXmrprRL2XYmEyGMqze1GbrRJr+dPFTswj31eea81h+ihFh10Lz8/JNsx3W+HSolKSrPXfI3bdrkHn74YXHaRFTUSeLck4aDcLQaNSpLTJ06tRCR4t5g9erV8j/kBHJE1AesW7fO/fjHPy6QRiNZPhnhN9uY+BvPFoUUYZfXX389uxeaby9syFYnDzzwQCG9QRIpgqQ888wzEuEiTT7RqqT6iyufgntD5soEmYfdl7Td4f2tKnyBSBE9CneGL0+RDiwiHHSo2d+ZDs1fdp9Oz49CxHWkCB1a0i7ruSTMk78QEByrdNKRk8rqF+mr8070Pqp3SEggUzjicCdupEBkJRKcCY5IHSSSdcSZ35SPzj3U17ddkg6aR5ygh09CJFITkRcIV2JdRHaAlEGwcFb+DvX89suKoB/6sA0EZIC5NegIcbm0ZraQRiJlcfrkktAeCHaEpKAL9QjhUscudRrZjDJQVsj5lY3zc5IiLQt1qZE58ufc2blj3YEub8txtsXAbtyHjWoZnqMO/HJxDhvrBq1yv8jekFjRLaODX7eFHHvbxtK2IGUMzWka3x6QGO7DdWoTbQ/orURD6jwishCQtDToQ/3xv9i1c0u5TvWEKKIjRMivE/JhWxGinkRxuS6u3rRuwjbgPwu+TXwJj/v5J9mO63w7VEpSBMpzl/wLFy64RYsWueeff9699957QjR8Jx+iOKSINEoQVHIRkLFjx8pGtXFA5zZt2ggp6dGjh0Q/ABOliQxRhhClTYp8+6AHJInfRGWIUmzeHDX8COSZixQRyWrYsKEbNmyYRH3S7B8irv4qEilCknaHL01SVNqRorADg3job94+tQOjU/SdVVxHitBp0+HiaPntd6K5JMzT/62dtOpL5IG3XjpWrvXLgdNlU1OIGVEQIi44A47zZooT0Xv6QjlxPJe8icFIWAbsQucd6puPDppHnIQOCFuiD+nS6gJSQZnCHepxQDps5Euh9JGg99nZo+Vt3ydRSEgckyS0hwpk4VD39jLZWSMaHNc65f+sTpHtuZZ2qOkpG/WGTbUuhNi1a5K1D7YiysDwEHVzZspwyYfriDQyP0giOFF+XEvEKjt8Ft0LUuQPn6Gnbzu/biHORE8gqP5k7zRSRHqdsK3CPSg31/jHt79WVdp3Uhp0pC34x2VydVQuX09sgMTVCUQEEsr1Yb1hTyJClCtsk/6z4N/Ll/C4X39JtgvtUGlJUXnukq/YuHGjDJHhUNOc8sSJE13t2rWlTsoSEB12pt+5c2fsMM+QIUPkS653333XXblyRY4xpMccnhUrVhQaUspFioi2QMLCdJAMyAbDbVpm0tetW1fm5kBK2BhXIzu7d+92Tz31lMwjQh+GwXxSRASsZcuWWZ0Bw5JcN2vWLMmbYUuG+tT+cTqE8OsvrnwKomxEpBgmiwMRp0cffVTmIBUZmYc9SRgW83eHTyJFRJf6vtfBzZnwiaQJz5eH0OkRJaDjYniIYSLt0Ojgk3bBplPlzZsJsn5+dHJpu6zHDRuphJ2z/xud6Gy1wyUSsLvRLfKF7rzZq95cw1yfkIRIZx85UQiKfn3kC2QIRwrx8I+jP0NPOCPuyxBMOF+D63xnkKSDCpt2Mk/q9GefZI9hW4ZbcORER9BVozZpdZGViJQzF0rtTXluRVOi6zLOXoVhtJNj+ksa6oQ3dn/IEAkdIoKtd9WtIenDPEN7qJAGBwyJwSnqca1T8iFCQvSKye3MoyFCeG3ncqkLyi5Rkeg63ynThphLhf7UC20AAkQ5GF5k+Ax7YQeJUEX5YVuuU7uqDkSUhCRkyBhfokGkxGlHNvJfFviLjmH5b9s7ehmK0kDQ+EKTMkBiIE16LbZFJ54f/qKXnIvylGsjApmU5soWJqs3EbvqOWwCifPbIOdpg2LLoE6wGboypEu0CNJydt44uT/lwBakD9uAb3//Xr5I+mb1br0YZewgdRE9C0m207KpHSotKSqvXfL9CM4jjzyS/SQ9jRThcBmuYpd80nEdx0obccNQfiSHOUdERyAZPigDZdE0SoRykSKGr5iETRp/6CqJkHCfX/7ylzIpeuTIkdlIEXOMiF4xuZnJzF26dClAijSqxDCZP9F66dKlkhd2hWQxmTyXDkn1F1c+RThRPhymI39IEyQNslYkeA+zStru8EmkCPlm6xKZi6S72iddV1ZCR4Wz5c2NTpJog3Z0SbtgS9qoU/MnEmsanZPDGy6EyN9lHYkjRXTYYYQC5/r91sWJpAi9mQeib5xECVQH7sHbtuYlc2ZGfiRpwmEo8pcOPyrP8U96FnDaKuiveWEPfbsNSYDvJNJ0kLQRacTeOGiGayRNRJQ4hu3C6FI+O5JzjrJRRtJoHflDjOio94c4cC//jd2X0CEi6kCzdouOJdWfnqcMkE3aA/fVvLAV16LDLQc9M3s9ZccGiA7zcc53ylwnc1ymDMvqQJSI+3L/bNTGa6uhXbVd8b98kRcRfSEbURrm3egEdmxI5I3ruIdfVuwn7dmzN2WS6EhUF5QZfWgTok8kOH/Of/PxB7eiP5njCEQIcrw/Oh+X5nRUfo106TkhldE5hg+1DaIPzwh2+X7rItFBdaZczM/jGq7VFxgtj7aHsA349sdumh/CfeRZ8Ozt24E0SbajDn07VF5SZDDcIRD5IgrGl3pFRubBNamYQrTk6IddnTsaOT6c26JJEg3TuQtxQnSBzh+nH57zHUG+kksHIkHMAwnXpanoAjk51K3NrUhRzPl7XW6RwibZiBLEhC+9QmJjUliKYjsjRQZDOYLI0m9+8xuJBBYr+hc8wCYVS5gwrBGXMApRHCkOKUrTgbdv5lX4EZC7Qe5WvUtTiDB9O2lINvpG5IkhKj8CZhIvRbGdkSKD4W5C8ACbmJiYmJSeGCkyGAyFEdNZmJiYmNzrYqTIYDAURkxnYWJiYnKvi5Eig8FQGDGdhcndJXz2ztc3cRO4TSq+WP3dGTFSdJeB/cBatWpV5p/r380o6S75/tICaeCZad68eeyyCnc9YjqLshDZf61PV1lKoKSLQZansCYNnxmz1ooszvdl1HfGXZfnRGkmfJb2zv8VxakyyZVPteOWHChLCT/pLkuhjKz7pBN5wzrns3A+O/eXC8glYf1hv7A+KSPrPF3dtOD28giPB3ufZT5Tl8/1nyi4878uTYCgny4ymSZMdGfJAfLi03cWxuQetF3Kp5/GswxEdrXuYxvlk3g+g9f76XIExRVdgwpd5B7eOWwnC6yuLbgYaloalhbgowQjRXcRWIywSZMmxf9yqZIgX1KThHzTQ4byXRX7roPXWZSVsIBkvx6d3IShffPef62iCE4Ph4LjofMtMSnyHUrM+btZZMmBiPCVBznxpdxIUUQAWCSQLWvivmbC+ZbGzv9svYFD99uarrFTkJBslPWQ9HNz1uJJ2vkfnYScZBY6ZK2pXPrRnnWFc/LUxTd9HViA0l9mggUrd9eLnpOYxTyLKyzEiC5C8iLb6HHuyZIUrO0UPntJaRDbJf8O75IPWNmYXeZ1Ly5dOJFrunXrll2AsH79+rK2Dftwvfjii1JXIXTVZ+7DjvsjRoyQRQQBK0mzJg4LHRJhGjdunCzcyDF/mw/2NWPFZn8l6NKCv+M9erBSdZwOlJHVvClPUhpICNGy7t27S3lYVJFVrvncPW2X/CSQp7+rPXu7aT1RJ5qXv7O+v6ijii4g6euBfiw8yeKQaUAHfyFNf8HHpPYAfBuRzm9fbFTL4ptTpkzJHCkCvM7CFzaTbVjvDYnqsGAkC0fquXAxSH9V7bid+r9eM9t1at3UnYtZw4fzQ/q+Kzv4v/ziC27uhCGy8jbbkxBZGvNxL4kuocuBjJOYOXawmzrq9to7O1bOdB+930nIlx4rLaHDxaHgAHSPNDkXdfi6Ozxvw2yBoB2zv+Acb9gsdsdx/21dhWOcwwGy1QXH+IyYvPw33DMzR4vD850xOmnUwI9MkBe/0RfnysKZ6MEWDVzDOdIQaWBvKs0TJ5O0uzif+hNhIA2rQrMIpOohEtmDPc1kJeHMMZw1ayRhI8okCxNG16Ef99F7sbaSLryXpgMSZwfyY6ViHCDpKLPWU1JdoIe/6GR2UcDoHBESlgRAZ9IQGaIucK7+hqmhQEqKsvN/Uv2hG2REN21lrR3d5JY0SkggK9l95DJp/NWpsQERJ/TFhhqxwV6ywvzWpaKnrI6dSYMOHLu0aqYs7khZOM69sRVRINUBgsQ1bJDLNbLwY9TmkiKF1DH60Ia0TuSZydQFtqb+yFNtLEQzZqd+hOgQC0cKGY/srvZLS0P7YhV32yX/Du6Sj1MjyjBt2rQseVGQhpWfWQEagsKu9KykjEOG+OBAffCb6BHC9ceOHXMvv/yybDcBcNY4VAgaW0/o7vVs84EO7JIPSK874ychjnjkGsJDvz59+mRJDfdGH3RBB3bgVycPQWKbk7Q0kAV2mYdQUd5BgwYVeZd8H+gA2SRv7jV06NDY9Ojg76yfT6SI56pevXqSNg3kwQrbcdcltQeIVtu2baX8cfYvbVLEsBZbg2xfcXvHdRVIDENfy2eNKbRtCKQobqf+tZ9PEOJzM+r8/Ov5TfQIgdCcijrxLm2bu21fTBdS1LRBHTdjzCDJa+XssVnis2/dPNHhYma5ftKvm/9ZgbxDKe393OiQcSwydBGVgy06wrdVhPOsKK0LKvpOLbxWBYegO9TrsTgyoELn7zthfrMjPA4MJ0S0wN+aIyvHNrpvhvaW6/gNadHIgL+7OPfEKeuWCjheCIi/2jEOmE1Sff1wxOKUdy6XskBW+Cv6Vc/s1B/lQV65dNA84+xQIL+oTfrRE1/8usD+bKXi21iFvbyIplBWqYsoDcOn3IcICw4Y582KzboFza3rirfzf9z1kEsWsMQ+6Mh9VW8lUojYNyJrSmbIS/PwN7lVUoR9aKsQA9Ic6dNFiA+LHWIz7gHxu7JBN3ld7s7NnyC2Otb/PWlDYjvaVb935cVA74eeSnC5p5J8JSXSDsdELzNHN8h2H9qGIJPkTxui3iEykB2eK+7PdRAu8pF6zfQj6EJblLJ3bye253haGvSyXfLv8C75kItGjRq5ixcvym8fSU6d7TbiSBGkhhWSiZYo/DwgRRqFwpESWcCp4mCZE4OO1H+nTp2y5KQ0AYlgjzWfSGkEBx3Ypwxiwr2JVEEM0tKEZCSfDWHTwLX+Bq5++rSd9UM9FGF0MJ9oFXbo0KGDkBg2n/VJTlJ5uK+S3VJH1FGEAlmBjEBKvpj5afTMZPZMigRy8WH3Tu5y1OH6aZCkrUbII44UQWp6dWvnDmc6M0TzgBRBWvjL8ZNRh0kEimgTxKj/B50lAsXv4f27Z7c7KS+hQ2a+UYHfGdLB0IEuqohT8KMQ/I0jRTgSf2uQfDdIRbguJEU4aPb4wrHyJq/6CWkY0Vc2kVXHqnoXIiSZ3cWJEhAJ0+sRyuA7caIamo+KH53gvjgqtnYI9VXd+D9JB80zTsL8JFITlZutTZLqgvwhBBA1nL4uFImThhT4ZUUox6WICLMf3PmFEQGPHDuEADvgfEuy83/c9RAEJd04/tskwYsURTalDbLn1/V9qyQP8tI8QlKkZRHyGrUNroEwUDZIMxG6K5sXyd/vv1osxIehJlZFh/RpPXFvSAzndeVohIgT9vTbtt8GQlKk24jQHiWKqPl49hBSE5EkjgvxzuzUzznIqZJa8lBinZSG3+iv11XaOUV3epf84pAihreqVauWjewoikKK2C2eSAN5ASJDRBrWrFmTM0oE0LuokSLaFs77yJEjmSMFwX0//fRTyZvNZ7FPWpqQjJQGKfKvhyDxO9fO+uFvBQQYfSA62CVpj7QQ3ANCSHo2jIWQgaTycN/yJEUIBIbIDcNZ9Wq/nh0iKw4pYnirW4eW2ciOSlFI0bEti+X3+UzUgMjQ9E8Huu2Rw16/ID1KhJR2pMh35PI7ck78VqcqnT+RBs+JcV34WwXnpGRAOvzAwaWJ70T839xD81F9ITgMg0nUJ7rWLwfDHnG7i/NX3uojJ8zvUHCYlBkH5B8vQIoiu+gQUKhvPjqkSZgf95BISESU0+qCYzhVbM/GuRAoiBSESoeNfAnvo/kRVfGjNyr5EtswXwRby67/s0aLHXVIKiyDpr2+b7Vc75MU6kMiSVH9aF1Q72zIrFu/QBBOjPxQ9iNkB3+IHZGU63tXRWmbCPHQ+ULYietVB0gipDU7fBYRj70tGxSwnd8GiMBte6mKEFR/snciKYr6GJ4J36a6Uz/XaCRKhbrm+UlKg33RW49XWlJ0p3fJx96QJGyettu8D9JUqVKl0HAJJKJNmzZu4MCB4ogPHz4s123YcGveFA564cKFEmFatWqVq1GjhuQFTp486Vq0aOF69uyZPVbaUP0YGosjT+x03759e9mVX4f80tKEZCQkRXG75CsgGmyzwbClgvTkB7mEHDKvB/vn2lmfaNYrr7zi1q9fL78V77zzjuvXr5/7/vvv3YwZM9xvf/vbAqQoTgcfDKcyZ0qJbFJ7oHwNGjQQEhcOwQKGz1566aUsES8SMh1RktyIHAdzeJTsEJnp2KqpDIlxzr82iRSRpl3LxkJi/InWDL993KebmzZ6gER/TmxbKtftXjVbyNB7nVq5b3cul3NcwzCZRpvORB3zgJ5d5FjcXKWyFjp6OliiBDgs5lvg2HGqDLfgzIg+4HxwQurExHHE7PzPW3TaDvVxw0YqoVPV39yTv/xW4gHJ2NuigeSDU8I5KSHBgcXtLo5zJdrC5qUQCf8cQhp/iEKF/M5F7YTj5yMb4WTlvoG+qpumidNBBbtCmtShIuQXt/N/rrpQkSjWBx2zzpvrZPjFG7ZD+A3JIIKFHYjg6A71/nVh+eRYRCC2vVwlG6XwJe56hPyJvGikhmNKSPirkSKGtfgfuyXt/F+AnES2oT5pi7QHtRHEgWglQ6pchx0gTOQFAdrdqHahidbkSbsUQhzdhy/RsJH+JurENZRNyOaqwmQzTm/2vWMYjDbjk23aCSRK/+pxvfbSWoZc49NgZ9slH9zhXfIBpEV3jUdyOUHAEBzRAR2awZnjsP0hGyYEM2lXh9lUB4aAGArSCATgGnacR8JhudJEOKSkegPu+9FHH8l5n5glpclFikiHjShvOHQVR0iI5LVu3dr96Ec/kvk/RGrU/mk766M3dtbd8FUH7kddozfRQEhoLh04rxE47gVJ1KHMXO3Bn6zvXwdpgoRD5IpMeDMdhy8Qksb135RoChOgiahAQvQ8pIW5Qxpx8Sdax5EihMnZDH+Rnx+lIV/+53i1V15yy6aPFuLj68BE66EfvldgiIxrxn3SRyQclisP0Qmbm/70R5n/AylQx35+0USZNMpEXZwCQw1ZRxzpqpNKeVvFWXE8aYd6vV/SXJrwbZn81Mlyz5AUoTf569s6Tl31xmH7eRGpkZ3Zo3M4T93NHdE0ODEZdvGifSrowrXcCyesREb1iyNFaTog/J+dtJ05lrbzf1Jd+LaTc707ZyMi/OU3xznvD39CZqWeontJFGbXrWEoX8LyIThpCJnWt14XV39+GsixDp1xDD00KoV+/r5elJmycxyBEOmwIPkqKRJy1/bWhGh0YP4ZhAhisatOjaxtxQ6RzcKoHTooKUIv5l8pMaM9oAPDs9LGGrwh9+A6iI5fVtof7Ub0jkiLpInuxT25N/rF7tTfurE7GD1z6KzHyYNI2YkhveLTRHXFzv9C3jPHKy8pqkTAWSvhCgGBYI7Rvn37MkcM9wogRe+//75E3Eo7UnSnJBw+C+XMrhVuUK+u7ujmwhNlTYouOCGIWFF3ZoekyLBfhoT44jvifCQfHSCPkAIiF3rsbhAIB1EfyG3c+XtdIHiQeh1qI6JHBCwuclZeYqSoEiCOFBFxIdrCZ+h+9Mpwb4BoFhEiCC+f7RcZMZ1FRZAkUkR0iePMc+LLNv+cSfEFUlPaO7MXlRTl0oFoEhEL+eLpDkQHiyvYwP+0P+6ae12IIBEp0gn+/D3+ye1I1p0QI0UGg6EwYjoLExMTk3tdjBQZDHcKMQ9khRaDwWC4x2GkyGC4U4gjHhVZDAaD4R6HkaJywPHjx90TTzwhn8UbKi5Yj6hmzZplsoBlLOKIRyR8TcUXWbPH3frypsKIwWAw3OMwUlQOyIcUpX12fTfhbt6hPhcpCpcCKDHiiEck+ZAiPncf1q977LmSyJWDW1yf1lvdf9y/o4B8tXBLRmmDwWC4d2GkqILgXiFFJS1HvulLnaDkgfIiRflIWZGiUC7s3eIGdNrqjm00UmQwGO59VEpSVJ675OPgWVQP8T+LZ+G/pJ3ZSxu2Q336Gj2UiT3NSAPp0UUlgW8HFndkI1qfFLFiNauH8/wUGTEkBLKjix+GCx76iyNWefbpciFFG+ZscSPf3+quH41+GwwGwz2OSkmKynOXfEW4VlC+O7P7iCMeoRMPQd62Q336DvUK7Ms+ZWpPyBS70Os2GgyDsjp1WZIilXAVaPYbYxsNNjtlpeYvF0zMSYp07R4lWQj7fLHfV9z1oVzev9l91G6r27d6y61jBoPBcI+jUpKi8twlXxGSIhx/0s7spQnboT53tEoRkiLy9jdcTbpnsRGQEF9CUkQEyd9RvjyGzzbP3+KGdNvqrh7KHDMYDIZ7HPexGWdlI0WgPHfJB3GkyCcPujN7GnDaRY0UUa84dtuhPjfiSJF/D91TLbxnsRGQEF/iSJFPgjYumlymkSKI0ODO29yOpZkoEWIwGAz3OCplpAiU9y75ISnifxxuuDN7aQOSYzvUp2/GqghJEX/r1q0rw4hE0tgQ1o9WgZkzZ0p+5FtkeCQklJAUQWQ6tW4qw2hHNi9yzRvVLdNIEWSoV6ttMoSWPW4wGAz3OCotKboTu+QjOpyDk03amb20EQ4pQULU8TOPx3aoLxyB0/zYF+6Xv/yl3IdJ22GkaO3ataLf2LFjM0eKAI+EqECE/MgOQpTo2pENbsrI/rJrfLsWjdzcCUPKjBQRJeKLMyZZFzhnMBgM9zgqLykyGEoBECqiR8zLKjJ8wnE3iMFgMNzjMFJkMBQTRLT85QqKjDjiUZHFYDAY7nEYKTIY7hTiiEdFFoPBYLjHYaTIYDAURhwpMjExMbnHxUiRwWAojJjOwsTExOReFyNFBoOhMGI6CxOT8pCTY/q7fe2auuv718aev5OCTuiGjnHny0Mqgg73shgpKgf07NlTPu32wVdL/po4JQWTfsvqk/47iTjb5Qtsm+/ijXv27HEdOnQotfqYNGmSGz9+fObXbfCpv79eVUkQLo9QqojpLJBze1a5/h90dt/tjurEO846Sv17dJYFI/3jxZVwnaaylFNjB7r97Zq5iytnuJ21q7nLX0b9YMx1JZUjfd5x5xdPjj13J+TS2jnuUPf27uah9bHnSyLY8NC7bd2Ng4WJTS47VBRSdPPIBtH1wrKp2WNxhIQy0n42/OFRt/PN6u7a7hXZc/zPMc5xTZw9iioViRR9v32ZO9DlbXft66g/OLbJnV8y2W2v/pLb+MRj7kivztk6vHFonTv20bty/KsXnnbfzR4j13Pu2o4v3DdDesvxUxMGF8g/VaL0Z6aOkHTYl7pK08EX6oH2qc865cCmGx//g5Gi8kCcIzRSlB9KQiKKQorKqz7udlIEGWKV7HuKFEUdMR3q1S2L3O63alYOUhQ5j+Of9HTnF0yIP19CKQkpqihyZdPCiDS2y5vIQIAgPj4pUkmzx90sZ6YMyxIZ7LWvbWN3dduSqH1tFNJ2cvQt4sY1R/t2FQLOea7jeojnsYHd3XezRglBLwopurZ7uRAZ8tFjaTr44pMidKKez84bJ89FpSRF5bVLPs7PXxAQ0RWRccIsjqg7sFevXj3r3HzH6Ts+nGyLFi3kM/CuXbu6+vXru6pVq0rdcY50zz77rOTXo0cP2cS0LLBhwwb35JNPygKNr732mjt48KAswsgO++y0r2BFbDaOBUm77mMHFmZEOMfmsCwAmWa7NEBqevXqJQsqoh8rZCsp8vPUXfe5Hvv690GU0MSlSQP3CheC9BexpI7ef/99WWDypz/9qawADjjvkzIlVRxHv2rVqklds1o3eqxbt05sweKU3bt3l/KSp94HnD171j3//PNuypQpmSNFQNCJICwWGS4sqQtIQoogS4N6dZUFJt/t+HaWOHENC1Dyv0+qID0DenZx9Wq/7kYN/MD1ebe969iqiUSjODe8//uyUCX5jfukjyxgqbqUppyeOEQcNc5sX5vG8tbIcTrok6P6ud0Na8tb57FBPaQT5xzX83aKfN24jru6dXE2v6tfLXL7WjWSt07OKwHIkoGo4z09frDb27KBu7Yres5T8uMtl7dd7q/nuZZzF1fOvKVbdB/ux305rm/Q2155Xq4PoxeIOPzIKWTf5CMnodEO8jvYpdWtt//oXGiH4x/3zGkHnM3+9s3dofc7SBocleqQZAfOJ0VVyG9r1Wfk3Oan/iQ6qQ7nl05xO2q9Kue4hmslXZT/uc/HZ6MGh3t0zJbp+OAPxFlyjvy+nRwQ8CjtN0N6ubNRej2GzlrWOOeN/kUhRVk7RP/7aSEPR/p0kQjIyZEfiV1x2jjvJB1Id/iDjkIwKA/2uJzZzietbrG7RkgK5Jtiu+w9o98Hu7bOPi/opm0TkTJHeqPbwXdauUurZ8nxC8unS9s8M31k9lqEtKFdk54lJM6mSTrciF7WiFbRdrEP+aED533bk6ZSkqLy3iU/LjqA82JlZYZY2OcLwqAOMo0UsdUF+5WRdvr06bJqM3npOYaBzpw5I04Ux5mGOOLBvdNAO2nWrJk7fPiw7Ek2d+5c0Z0yQICUBLFtx1tvveX27t0r5Cdp1321A1tyhHYAcbZLA/fv0qWLkAt0aNCgQQGioAh33eeaXJGiME0alNSEoDwvvfSSO3bsmBBItiohv/D+mp7jv/71r2UF7po1a8o2JpSRc7SJxx57TH6zrQpborCpL3YEpU2KkLRIUZ03arhFU0e67w996Qb37uq+mPmpnEsjRWxXsn7BZ5J2xewx7sPunSQvPceWJucjktStQ0u3IyIB/j1D4R5JpK04Qge9q14Nd2XjAnEAECY69ALXQUBmjhYny29IBh0sHb46bRV1gkRnvm5SJ+tMCkiQH4RN37AvrZ4tDuz63tWiz6H32mXfiM/OGSOO62Zkezr3fa0aSuSrUP4ZgRDwlh93jvy+Gdo767R8O3C/Pc3fKpx3oDfOZnv1F4VsoBO6aX657BDn7Hyh7Ac6R31OpAPX4HAvfDGt0HVC/CJSdn3fGqmLk58OkGEazqEDtry2c7m7tGqW2/t2Q3c9ameaFp2yw0KZYyrYI3TeSOhcfYkrk9qB//20qhvRk+2vvuDORXYSXb18Qx04t6tODSGvEADIlNZFAQnqliEtGYY7ukEiJdqG0mynAmGUe0R1z2+eDQgutrtxYK0QNIjx9xFRvlW25e7c/KgsUds81v+9Qjak3P6xpGeJsip5VlEynKQDdqfNH/2wm5AjykW7IQ31Tv2fXzRJ7FApSVF575KfRIrinCBII0VEX0gLGTp58qTkwW8/PeC6Ym09kQMQrR//+McFiBT6UQ4IEHoRNWKF51atWomDTtt1P80OoCikiDwgBdu3b8/+VvsAtvhI2nU/1EORliYNYTkUSXWbZAeO16lTx33zzTfZsuk5Pz1gA1/IJs9yiZHpgEJJI0X+8BmkBuH/NFI0dVR/SQsZOhN1duShpEjTI1y3cPLw7O/ykNDxnBjRV0iKEAAvEoPQoXMNnezBrm2kQ9Z0KlyDQyJqUoAIpORXiBRFaenE6fw3/+Xx7PUIDoTOn2uJNEBecEI4gey9IhFCFTlo5nLoMZwO5dtS5clsflp23w7kT1rKmcsOPgnw80i0Q0bCtAgRDZybRsyyEaFIB4gAhADnCWHUNPxWvUL9+BtHSLJpvWGhUPyy+BKXj0pcmZJ04Dgkl3NECSETYb6hDuG9JW2mrGl1G5IiiDakKM12kmfUxohMSR3oMe4zvK9EYra9XEWGZw91ayOkCFJ3csyAiMy2lPYXZ0Py94+Rd9KzpOdDmybpgA35e3ndXLmuQDuOfhNt1KhYpZ1TVJ675JeEFPk7s+s1mpZj6vT99IA9xHIN9XAPn6gg3DsNTHommsOmsSE4xk776MPO+0S0AG2LMsTtup9mB1BUUqT2ABcvXsxG0iBnabvuh3qAXGnSEJZDkS8pGj58uKTX41yjZdO8Q32IZBEZI0JWYmQ6mVBKSoogPt07tcqSIkTTciyJFI0f0tet/Tx9/ktZRIr8Tpq3YpyFzj2CpHDcd0BpHTnX4Jx2N6qd7ZyRtPyY5EvEhc6aTpvOW66J/spbvfcGXUCObZR80Xlnrdfc5Q23ndeZaSMKzbOAZDE8JpGn6Ldfdv9/35nksoPvsPw8kuygEufsKIeSw9ChQYwgV6fGDXLba7wsenAcQsl9NA9f0EGvCwkFTtsfFgrFL4svYT6+xJWpgA4R6dNokB5Xe8blG+oQXqNp+T+tbs9MGe62vVRFhpO4RttJmu0QInNSH0ntLxLaLhGhG/uZGN7kVuQpM1yrz5J/Pfr6ZcJmRSVFoWR1iPLw2wy/yTvbhjyptKSoPHfJh6AQucGxKkIn6DtRhkgYVmNIhP81OqHXJDnKoUOHyvDU7t27ZfPUffv2SX6lCXbVZ97SihUrCpRHAREaPHiwkCPaFEjbdT/NDiDOdooxY8bIPBrIAKDsnTp1ko1bsR3DSvfff7/cI9eu++TBnB2G9BS50oBQBwVDgC1bthQ9fCSRIuqM+Vn8v2XLFpkLlVbXCMeYU3T8+HG5z8CBA2U+FXYADJ8xVPfee+/FkthUBB2FyvnoTfydds3drlW35geopJGikQM+kGG1q5FD4//G9d/MixTNGjvY3Ywc3uFNC13Xdi3c0c3Jw0FlIXTQDBvgdJmfQdifYQX+x6HjZHCcBzo1zzogHCoRmluTNjcWyE+dHUSAa9QBpeXHX5nXEung58V1zDXhS5vwPr7gtHijV+eLU8IZUA7/OkjW3hYNRH/0wkGqg/KdqE9I0vQOHZafR5IdVOKcHRGNE8P63opizBztdtR8pbBDi+wA2dP7XFo7R2wk+Qf2Ux34PyQU4bBQKH5ZfAnz8SWpTAwvMtzF/zr3S3VD+D8u31CH8BpNK/8n1K3UZbc2Mnyo+aik2Y42Rd7+V3kFJKoHHZJU0ku9nBj5oZBa8qbdhG2QPAuUKeVZQuJsmpVQh6gMkLhT4yn3OokuQgbDNkT0tNKSovLaJR8wBMPEZH/4JY0McI55NkzE5ZN03R1er4lzlHPmzHG/+MUv5B5MZC7uZ+z5gLwhAhpdUr0B7YgJ5Oy8r84ZJO26n2YHEGc7RRwh4fonnnhCJh6jA/OauAdI23WfSemQL875ZUpLA5JIkUb4GHYLJ1rHkSLuD3nh+pdfflmuS6prtRGkR22KoB9DlwqIEkNuEDnqpUjwOgpfICnLpo921V55qUAkJo0UHYg6HuYMvfziC27C0L5CcHKRojXzxrsa1V6RezARe+uyYC5POQgdtA4dMHFVozQ4BSZda/SGeQrqgBCdAK1p1flyjf7PfBohFFsWpeYXDmNwXufPoI9OMEbUodDR+5OSj/S+/VkyjowhhdDRKVnSiAGTUzU//ur/4kgzpChN79Bh+Xkk2cHXWyWb3/p5UlbuhZ5EHrgeEqDzSzjHEJtOXqeM4fBeXF34hEKGHnt1LuSwEfTXfPz8fB1UyI+y5yoTUUCGtSBhkG7yUt0Q/vf1S9MhiRQl1m1kH+YJ+XlxXsqeYjvOYyNsxW8VyosO1AOTozWCiKCDfjDgRzwR9PR1yA6NRueSniUkbGNImg5CCOvVlGfixNA+MmdM76N2pY1VXlJkMNzjgBTxpRtRutKKFFUmoaMU5xFzrjwER4Lz18/miZIcG/T+rShGcG0+IvNAenaSN/W48yb5DQvdKyLRxiZ1stEchpSY8xMOaxUQIVIFv8q718RIkcFwD4LIEhEi5n+xHEKREdNZVDa506QIx/ztpCHZt3XecBkKY1gh7noTk6IIJJlIkU7AlojVJz0LTcyvbGKkyGAwFEZMZ2FiYmJyr4uRIoPBYDAYDJUbRooMBoPBYDAYIhgpMhgKgvWIWDXa/4LrbgdfAI4bN05WHjcYDE6eb55znve7DfdiH1VaYH02PiphiZJioTKTIj5nZoVl3a6BtXD4NJptF/gcmtWDFay7w4J4fMmTtJAg+enn6eGn46TR46w9w6fz/qfqdxpxu8OjO2XQ7Tb43PzBBx/MexHFioykT+9BaXU42EnrHAmXEihN8Nw2b948Mf/FixfLApR+mZLShMsj5ItcOoTAPrQnXcaAdoaN2Dqmbt26bsmSJXIcsC4WW5WwWjrpeJ5CaHv1ba716j+bLHExYsSIMtsTsDhIsh16019QblDcurkXENdHFQXY0n/OS5MU+e2rPPrHu5EUsTcmy5Pocixxz3BpIa6/yxuVnRTR+UKCIEYs+MfKxzBNFr8bNGiQEBcMC1lau3atpEsiRYAHlmvD836a9evXZ/e6qiiI62zpoNnclU1l+ZSbKAOLGOZaIftuAOVl24x8HXhxkOS8ywKUQ9c6CsEzTVnDRTyT0hTX8abpEAfsw8sHe+GxajhrcdG+WPGcZ40OlDWYAAtw6oKUuezKefTw9fcdIgtzskBnuKbUnUSS7dAZG6njrsykqKRl99tAWSHNN1Rm0AexgCzR6vJ4GcFfdevWrUT7PVZKUsQieawYzd5gEBU229SOibdVdmrHkUAG2L9LK7MkpIhOfdmyZRLeC1c5DpG0ozxRK3+LDZwIiwnyNs39dXd4FhtkUUHVm0gYzoW8OD9hwoSsvvqWo0LnwerK7du3l5WpsQNv16yWrB0LZdLrWd360KFDcpzz3IfFFtEdfVRXbKBp/N3mKdfkyZPlmJ7XyEqSHdCdRQkhrxznPOXlXC6gR+hYuZdGGuKcKg+ZLsRYv3797FvIhg0bpKwcZzVq3ohA3D0A9UR96XYn2IbyUa/oTvm0PP6n9HH1B/x6UPHvS76dO3cuYJe0NDgfFoNUm1evXj3rrJPqL5cOceC5Y/V16o8oAB0mTo/702Z55ujUeBaxF39Bkl0VnI+rP223O3fulJch+ro0JNVFWv2BpPaQ9Fyk2Y40/fv3lxc29PWJQVJdcC0RFY5hW/bsa9GihfQ3pEvqH/zFWP2FRtOQ9GxSTiKxCl48ecHimUnSgTZGnXfv3l3OoQt9ENcn9VFp8OuP69mrUdP4tgvzSbIDf1kYFaG8EOtwiIZ6I2+Fr7v2G2zUjR2wB3ZR8HxPnDgx8yseSX0UuvGbDcDRq1+/fmJb9qjEDkl9axqS7BDa1c8LW8b1k7RNFtCN83mcV5v6Udy49oAO+dqOfTd5GeT6IqEykyIMiWHpOOiceYNkSwa/gtu2bSuG1QYBwobvQx+C8Lzf8bHb+erVqzNn4kHDS9pRnk4ZR8VfQIMjmsN1kyZNku0t2A6DuuTNm04aoAN5sMoy5fajVZQvfAvjGDZas2aNdHJ0+twr7ES4L7vbcy3gvO7UjyNLeivnGPqhA50fb8QQKyJ1qneaHdAV5025iChwju0uKHcSKBMPuNZF+FCDOFtQJpwZK2XzYDdr1kw6De7F/5QTm0OgcRJEPvyO178PjpB2pU4U50obIy+GSUiPDegYaJd9+/aV69Lqj3xpd345FGwRow7TR1Iays9K6rwwUA700SFUH379gTQd4oBNsRGdIIJtu3TpIvcH/KWdc8xvc6TBFkngPHqE9af1QAc7ffp0aU9pSKqLtPpLaw9pz0WS7UiD8Fxzv7i2Cfy60HbCM0lfs2jRIvlN3kn9A/kxPUCj4fkg7dkMHRIESZ1Wkg7o99hjj0lfwzNGv6x9CkgqexLQgRdb9EE/6s9vR0Dtq0izgz4X2JX2QJl8/QC2D/t+BeWl/eiz5BNH6g0CoX16LoS24Dd1zYs9w2o88+RP2ZL61jSk2QG7VqlSRZ7X8BnifnH9JOVkH8cQpIcgI1x/7Ngx0RX/GLYHtlniJZhnKR/bcRz/oM9Y3qjspIjGxENK6J4HmEatHRO24C2LCvMrP63h05jo3MLzmoZ8cGjMj0h7AKjQpB3lyQPd6ST1TZM3AhoL46h+GkR18fWmjH4nHD5kgGPcRzsunc9Bw0cH3j6Y76D3IX/gdzTkR77kBXhY4nabDx9c3gQoU5odwryLAsqh+oaIs4VfJh/oyBuor5865LR78NBzjvqjHmljgA7TzwvRPPibVH/hbx9+Oh9JacLy+2VPqj+QpkMcyBO9IN10nnR8+kwC7TC5H21QkWZXwHmtA4VfBpwkzpLOPQ1pdZFUf2ntwdeB337bTbKdpqGvwNHRd2jdJNUFekGCsQNv4CdPnpS8cThJ/QO2xtHghCi3DlumIe3ZpC55wcTG9Ks4M5xTWh8V2iCs57jnMg3YzXfEvv0V4bE0O4T3py4oF3sjKtAXvRVKnoiAaFn1fvSnRE/o72hPRZnbFOrCb0go82DRafv27dmyJfWtaUizA3nGERyg9wzBcx2XBn2I2qKjQvMI2wMvH5Bu+oJ8bBc+Y3mjspIiOjP/rRRgRN7qfGYZNnIQd0xBHlRkWpp8Kot6oAFoiD4EnQ3RIaIGDMXR8fBw8kDwsMbB1yFscOFDBsiHDV19kJ4Gjo3Yj2rz5qgBZY6TP/AfDL+s2iHSgHlr8nWgvIw503nwJk9HQoeSZod87JgEX98Qcbbwy+SDtyDaDO0pRNo9qC/qjfqjHtVBM6Skb0Ah0uov/O2jOJEiv/xa9rT6A0n5JYFyankU6Op32HE2TLMr4Dx6pNWfb8skpNVFUv2ltQdfh7DtJtlO0+Ck0IXhRNLhpJLqQsumdtJzPENp/QP3gDgRtXv44Ydz2idXHwVZ/PTTT6WM9CPYJK2PCm2g+ivinss0+PYGOGX/NwivAUl2CO9PO4XM81wownbFNURO/KkFej/1QdiCetTh4XwQ6qK/sR1/+a33SupbcyHJDuRZVFIEsYIkh89FUUgRPofID2Q8H9txHXkntc9EVFZSFHZKIO5YXOcZd0xBHlRkUhoaGhXJXAP9uo0KZn4T4XTsr8fodGnA2vB9aKdMlAtRwO7plOPe9Hy94xoc9+ctWsG1pPGhx2jETz31lDzsvMUSSdJr/QfDt2nabvPk68/bUqTZwc87Djgs3mQJWWN3H3FlU5Af+fr388vkg7Izn2rFihXinHyk3QMMGTJE6g6HwZs1wLmiM/NeQp3JizxBWH90AAynMTcuBISIeSZhfklpwvJr2dPqD6TpwNyLP/7xjwXqwi+PIjwWZ8NcduU8tkmqP9o4evrtJm5D37S6AHH1l9YefB3CtptkOz8N+pAGYV5KUl2oDdVOfltJ6x8U6M11el9QnD4KWzAnETvxNq9I0sHXE4T1HNdHpUHbAY6XaCRRbb9MwLdviNAO1BVDSuRH/9u6detCE3nV9gpIMoSE+iKyB0Hy78e1DMUynBjXxpIQPqP6G9tpu9KycY+4vlUR92z6CO1AXRKhjKsHvWcI5qT+/ve/l+E9Xw9tQ8xV5RmC3DA0p8OpTIdAP85xjT9qk8t2oY3yhpGi4pEiP/SrHTCNwT/uDy1oGkLdNCh/TDeuwwE4dd393L+PAvatnykreFjpiHgjiNNBy8IxvwOiodK5aTp9mEjjQ49xPW/IOsES1q7X+g9GaNOk3eZ5wB588EG5N8J55hRgmyQ7xNWXj6KSIvIJ5xvFlSkEHZ9OSET0Ou7h5+XXBaDeqD/qUYGe4bCk1hm66P9h/Wk6nUzpl402BQkP7ZSUhuv8zsQve1L9gTQdaJdEFfw27JdHER7jfz8fwDG1DaJDNuiBjf1zqjd/9Rh1pfNgFHGkKK0uQFz9gaT24NsxbLtJtvPT4BgYMlAbJtWF2lBt57eVpP7Btx3PGc8bz4+iOH0UZfroo4/kvJ8mTQe/TYd1H9dHpUGJy49+9CNXr149iXBrGv6Shy/cL80Ofv9A1AVd1MGjp5+Xtkl04Itm+n0IEcsu+HpjF0iATxrT4Ougwr05TntCf21X3AdJ61tB3LOZZgfKzPOibVXrD+g944DP84d7tW79NkSePAe0HV8HdKbNoKsizXakZ76bfX1muGvBmwhfSPGg0qD5Qo95H7xBG0qOEq3bUQqgs2XYBIJqMNyNUOKhxKGkoJ8jggU50EhjWSBX31pRn01IkU+SfeSyna1TZLjrsWXLluxbRFw0zVAy0Ikwv4NFQ8sbOBO+2iH0XVoOxWAAYYRGxY9elBZKkxSR1/333y8RGj8i50dHQtHISlGR1rdW5GcziRQl2U7B8CZDcraitcFgMBgMBkNJYKTIYDAYDAaD4TaMFBkMBoPBYDBEMFJkMBgMBoPBEMFIkcFgMBgMBkMEI0UGg8FgMBgMEYwUGQwGg8FgMEQwUmQwGAwGg8EQwUiRwWAwGAwGQwQjRQaDwWAwGAwRjBQZDAaDwWAwRDBSZDAYDAaDwRDBSJHBYDAYDAZDBCNFBoPBYDAYDBGMFBkMBoPBYDBEMFJkMNxNOL7ZpDTFYDAYPBgpMhjuJsQ5dpPii8FgMHgwUlQOOH78uHviiSfcwoULM0fuDA4ePOgef/xx98UXX2SOGEoD1G/Hjh3duXPn5Pf333/vunXr5rZt2ya/SxVxjj0js8cNdt07tXKX9q+NPV9eMmVkf9e7W3t3+eC62POlIYfnLnWz3hjjLm4v4T0MBoPBg5GickBpkqKVK1e6Rx55xP3gBz9wr732mhAdMGrUKJE03Cuk6NSpU+4Pf/iDu++++7KSq+xlhQsXLriGDRu6xYsXZ47cAoSoevXqUvelijjHnpHSIkWkH/rhe+75Ks+6aq+85BZMHuauHdngvtu90r3fubX8jUunYqTIYDDcrTBSdBdh37597qmnnnJbtmxxN27ccCNHjnRvvPGGu3TpUl6k6F4D5K5WrVpS/juFKVOmuD59+ribN29mjtwG9dGrV6/Yc8VGnGMvRbl5bJObMLSvGzngA/f9oS/diW1LXdvmjdzGRZPzJkV3lRgMBoOHSkmKvh60ye36aEPml3NnNp5wq2rMcdfOf+/O7jjtZvzTEDf+B73d5L8b4PaO2OpuXrvhrl+85ta9tcDt7r/RzX1glPvsv37o9o/e5lwOf4dj1GiGH6Hp1KmT69Chg/vZz37mBg0a5J555hnXokULd+XKFXfixAn3+uuvSzTIj4QgAwYMyOTgZLimbt26bvfu3XKOIZxnn33W/fCHP3Q9evRw165dk+s4rvmEepQmsNXugZvc4scnin2291grtgNXT192G5otkePY79jn+921C9+7dfUXunO7zsg1ADuvb7BQ6iEXQlJEBKlGjRqucePG7tFHH3XDhg0T+06bNk3Oc73agOPz5s2T45CWyZMnyzE9TySK/E6fPu3efvttselDDz3kFixYkCU5RIneeustt2PHDvkd4ujRoxIt4q+PAwcOuMcee8ytXbs2c6QIiHHskJTG9d90f/7zn4W0aITm4Ib58rtbh5auY6smEsEh8rNj5Uw5v3XZdFev9uuSDqn+6kvRsWnuvU6t3Mnty7L5r/18gpAk7sO5MR/3ckSRGtZ7wx34MuozMvcivebl61Gacu3ABrek1UQ39N8Guumvj3aXd6/PnlvXa7pb+8F0N/4/h7ptw+a5ufXHuZVdp7rrhza6yzvXucVvT3TDHx0kaZFdY+wl0GAwFESlJEXfbTnpVteaJyQIQJAOTtgp//vAka+p/bm7sO+sOOtV1ee4TW2+cN9/d1WOrXxlllyTDyAmPhnhN8RnxowZ7te//rVbtGiR/MYRv/POO+LQr1+/LnWCU7569WqhPHDO7dq1k2OQIobG9uzZ486cOeOqVavm1q2LnFKAMI84QDIgG0oQkJ///OeJzl8BKVrwu/Hu/O4z7uKhc27ZM1PFThDHHT3XCRHif7Hdq7Pd+a/PiD0hpd8sOui2dV/jvj9zxa2tO99dOZU7+kM5QlIEmRk+fLjYpXbt2mJfyhxi//797s0333TfffedkMqXX37ZHTp0SIgmxzds2CD2JQqkRIg01BGkBpAOUqpziUJQZ82aNStUD6VNilQgJv17dC5AimrXrOaWzxojw2oQm5ljB7vPJw515/ascp1aN3V71s6RiNDw/t3ditljCuWB7F//ufvo/U7um61LXdMGddyMMYPc1UPr3crZY+U46fVavW+YR5yERKooZAoyBDnySdHantOF+ByYvshNqjrCHfl8mfzmmi/7zHQ7Rn3ubh7d5A7NWepWvzdNyJLBYDD4qJSk6MaV6+7LJouFHEGMiACJ845w5cQlIT9ENIgWETUialGUCEYc4kgRkQqO4cBPnjwpDj6OFOFY8yFFiIKI0tixYzO/biMfUlRcQIoQ4NsLorPkz5PEnipqV4jQiWWH3deDN7uNrZa5C3u/k79EkXKBcoSkCDJ45MgRKeeSJUvkGv4Hu3btkoicRuA0GhSSIsgURAbC9PTTTyeSQ/42bdo0dfiu1O3tEYNQ4khRz67t3Lc7lwt5gdxAiOJJ0fvui5mf5iRF/vAZ0STIFnnptUi+pKgkkkSKDs1e4o4t+sKtfX+6u7zr9jUhKVr5zq0IksFgMPiolKQIHJu33+0buVUc89Z3VmWHeXDSm9suF+LkO/ayIEX8VqeNc1ZSNGnSJHf//feL837yySfFmQOIDlEQRTh85pOiDz74IDs85CMfJ12SSFEcKSKaRmTo0pHzcs7Hocm73a5+G9zeYV+5fVHaQ5N2uS0dVmTrIw2UIyRFasPQvpBKJkRDNpmP5V9L23/ppZfcT3/6U/eTn/xE7MzQI8eJDEGy4pBPpIgo36ZNmzJHSgEeMQgljhTxGxLDX34rKYII9evRSYbT/vOpJ92Qvu/KBGuITtd2LdyZ3Suy+frDZz4pOrZlsev7Xgd3cd+a7LVIvqSI60o7UgQhElIU/e9fs3fyIvdZlWEyfDa77lj33Zerb6UzGAwGD5WWFF06esFtar1MIhSnVt6e87Gl4wq3s++X7sbV6+7wtK/dvAdHlyspOnz4sMyJ2bix8FvsV199JZELnLFOtG7SpInMQ4IQDR06VKJHnH/11VdlYnaIUI/SRBIpguBsbLnU7fpwg7t+6dY8J8XJFUfc6ppz3ZEZe9zpNcckSrejV+To8gDlyJcUXb58WYbFZs2aJdd/8sknMtzItVzTqlWr7BwsBZG6Nm3aCEmKiwZBhurUqZNIFon+cU/++uArQOY8jRkzJnOkCMgQgDgpCini/z7vtnfn92bIQUb4yuzjPt3ctNEDshOt27Vs7LavmCH5MKeIyBPnuIZJ2UzO9vMI9SgLKQopOr9lrVvReXL0nMdMEDcYDAYPlZYUMbdlZ58vxQn784LObj/tPn9ojAyfrau3QOYNlYQU4ZDjIi6h0/Ydet++fQukIVrEXCEIj04IZuIvUQgmAoM5c+a4X/ziF3I9E4L5dD8Oet+yQBIpAuGw5Kpqc+Qazs/+HyOEEF05eckteGSc2//pdkmTBGwU90m+b8PQvmDp0qViO6JBDDtCHLmWOT4PPvhgNi/OM/kdUsSkd77ww96c80kYmDhxogx3cm2IpC/TeNYYxoMwQdaKhNCpRwIJCSMuw/p1TyVF5/esErKj1xMtGvpRdyEyRIkYFnvyyb/KROz1Cz4T4nNh3xqJ5HCtH12K06esSBFEhwnWOlkagfgwATsxUrRrvdsyeE6BNESLzm5ckzGqwWAw3ELlJUUVFHypVKVKlezCf3zhxBDN1KlT5XdJQB3Xq1dPJgwbbuPjjz92nTt3FmIDgVm2bJl78cUXZU5RLhRnnSKtU+5bZMQQheLIuvmfuR5d2rjLB26RGohM6+YNZEgsvLYoAnliwvb4IX1jz98JubhtrZtXf5w7s/bW3Kdr+ze4Ze0nu31TFmWMajAYDLdgpKiCgaEwIkXMbyEywd/evXvHDt/kAz+q8sADD0ikKYxcVHaw7pNOwEb4n6/P8gXEh2E2nVuUtqI1UcLf/OY3sn5Rseo0cPjFFZ0kTcSHSBGf12tEKO76XEL0SSNORJP8OUl3WphQTaRo7JNDJUrE382DZrtrB22itcFgKAgjRQbD3YQYp29SAjEYDAYPRooM9y7inKCJiYmJiUmCGCky3LuIafAmJiYmJiZJUqlJEWvW1KxZUya+3kn069dPJkAXd96QIQExDd6k5HLu8wlud72a7ntvKxCTu0eoN+qPeow7b2JSmcVIUSmQItK3b99ePuXmk2/Wn/H3Hcv1CbyRojJCTIOv6HJt1xduZ63X3PnFk92RPu+IxF2n5+POhXJ88Afu/NIpseeKIxWJFJ0c3d+dmTIs9lxZybXdK9z+ds3kb9z50parXy1y+9o1dRufeMztfLN6gfveOLjWHejcstDxNAlJ0bWvV7q9LRu4S2vnZK/RfC8sn+5OTRjsNvzhUZEtVZ50p8YNcjePbJDraFc7ar3qNj7+B7evVSPRleOXv/zcba36jKTZ/NSf3InhfbNpEuXYJvfd7DHuqxeelrIe++hdd+PQrWUd0AHh/6vblrivm9RxlzdE/ir6TXkOdWsjabgfdYP+2XyLKOh5tG9XsUnYxvm9p/lboltYnpNj+rvdb9UsYEckLj/qijo7NqiHlJtjPM8811x/+rNP3LZXnpfyYEfsSZkOvdtW/te81S5pbVLvpXWIcJ+4NKqDnz5OimOHpDR++8rn3iplpYMNn5UQfMnFl0SsVcOXYyy+yNdLbDEBynJdIEMOeA/D3SJ0UHua1ZOODzJTGqQo347ubhOcOU7i2o7o+Yo5X1YS50zKSujE977d0J1fcstZhudxnoe6txfSVGx9IqeM01bSgVzZtFDyvL5nVdbxcvzqlkXiVPjLNbsb1b7leI5tdKfGD3b72zcX5037pW74HxKzu2HtnG2QNHtb1Jfrbx5aL45LCa/qgA2O9Onizi+4TeggSCdHfpQlUCUVbH5sQHf3zZDehXQ++/l40eNwj46RvZdnj1/fv9Yd/bCrOz1xSNZWKnH5UVeUFeLJeY7pcwoRjSNkJSFFcefijufbVxTHDklpVIraT5WFDkilJEX+Z+rhishpu6yzICILI5IOYSHGVatWSRp/Kwi214AkAXbDZ8uNRx55RCJJ48aNEyLFp9mk17zCRQGTgA7kpffX1ZQhXvXr15dPw1loEGKma+QQtSJ6pbvA53uvosKPmHEfXTQRsLgin6nr7v/oqhE6Vnh+7bXXsnuS+SSyLDZPZXd4PkHnE3IWPWSNHo5vWTpVVnlmRWc+LW/bvJE7nXG4rPS8YPIw2RaDdPluR1FUkbf2qLOk4+PhPTHi9no/F1fOFOfC28zmvzwunQjH6Szp3DjOG/vBLq0kHzoYfftR8SMKpNfjXzeu465uvb1G0fW9q8X5nZk2InvMv08YmcCp4qx4y8dBkd+h7u3Eufl6cP7s3LHZdEQatld/KXs++1YcObjjH/eUKANpcP4hKUA3IkX6m3RHenUWIWqA/upYIJhcy73I89vJQ7PpknTgXJwdKPe+dk3csYHdJS8iJZfXz5NzSXUh6XZ9IaRBIxp+h611G0ZcuCYpEgYpOdCphbsctd84pxcn5Kfl9B0Q/x98p5XUF7/PTB8pNtM0qivRGRw5ZeKY3z6v71sj59AH+ykp4hxtDScFmYHsaBqEe3Pez4/8IWUHu7aOdPoyq8PZOWOEYGhb4PeBLm9n9S4gEdk7M3WEtB8ts7Zb6kKib5G9icgQodKIDY7z9ISPhZwc6/9e9jj35N6Ujbbp2+9SRAyJ+lAnh97vkC13Un7oQJ2dnvBJVL/D5TolBYgQ0mBhVPJMI0X7WjUU/WiTRALRhWv0XmH7iDuuOqTZrjh2SEujkr23HrsDOiCVOlIEofA39FSyFLfLOvZhQb/Nm6PO6MoVITucC/MA27dvF2LFMdJCBFgZGQdftWrVQosnxuURB843aNAgliBAJFj/BpIGCWKtI90Qdv78+TJMyMKQ+YD7QJwgKCr57H2GDrrtSAhIke7jxnk2uYXgQYy4F8Qz3GYDlDYpgsiwXxfbVoTnIEV13qghpAkSNGnER27h5FsdFosdsq7PqeDtLUm4D8QJAqXiE7CiCs4d53xp9SzpLBj6oBMpdG30xv7N0N7i1PRYoc4mFDqfmaOzThCJIwMqSZ0pHfl3s0a57a++4M5Fzo/f/jUIEYYDnZpLBEIJ4KXVs8WpQazQg+twFEQeKA/Xkebiytt1hsM42LVNtuNH6Oy2V39R8qADZMhGy6T6Xdu53F1aNUuiL7l0kPskkKJddWq4k6P6RR3uuqjMo2X4Buet14gEdYHz4jfH/evQ4dB77SRCwjkcPW+y5Ifexwa9f2uIyhtSQlc6/AtfRM9NTH3kkrBN0L4kShPVD/dFH5w459BbnRIO98yMUdJmCrUrjkWElGPURTZSRHSpWT1xVrRfyDMECtLMOezDPTQ/7ICDPzG0TzYPzlM3h3t2KkAWqN9TYwfK/6RHR2xBGsgZERfyE8KWaUNiuyjfb6dExDiyN0QPEi9tKSoDZBc9iSRAyqgf8uc39UJe6CltK7qec+hHvXFfypVtlwn5aZ1xb8pFmbT8/E85t9d42Z2OnoEbmQVWJe8UUkSb/GZIr+i6dfJiom2fc5AJrUOE+8S1G9UhyXa38iu6HdLSqITt6U7ogBgpCkhR0i7rISniGKtM50OKNPLBislszRFuwZEvKSLCxCrIkATuffbsrZ39geoZBy1LWYOID86/Q4cOsnAh+7MpIEVICMreqFEjd/HixcyRUkTQ2BEWJ5wxZpBr2qCO7ArP1hV6DlLE9hj+9Soc37gohViUsfAQ43D0IZbfUSfC/0IAojds5ntop0fHoGnDzkYkyoe3MJ23gGh+uSSpM6UjUj3pgPQadTq8lXOf7Nt6HCGJHCROGeeheqn4ZbiwbKo4G8qux3xHzG8cEWQFJ+HbwNc/SQfNM0789PyGUAjhivJKqwv0wdHRGUskKFOXkA8if35Zyf/GvtXSidOxk7c6BiIPkDQcIHmE+uQjYZtAbxwxZac8RKC4J+fQX8sAiRF7RQSnULuKdPFJkc4p2vpilVs2jc6THjJ3ed1cIbXnMsMZRJDIj/lKEFZs4tcn11B2fvukCJKouiF+mtCp7u/QXPL160vTaVlot7QZCLPahDRcw3kiDPwvNurcUq4T5xuVibJxjvrXNpSUn19nJ8cMkPZcwJ6Rra5sjmwV1f2Omq9IJFLuk0KK/DZAPuR3S4f49hF3XHVIsh3XFMcOSWn4rVKg/JHcCR0QI0UBKSJqwV8lM0o2IEJEQXTfMSJJRDkgUOyhRSRI4Q+f+aQoadf0fEkRgBgdO3bMjRgxwj388MPZvEuTFKFHcSJFgDKuXr1atrHwJ49XFFKEQIyI+MydMET29oIMcbw0SVFpR4p4oLWTk98ZJ8L/dBQMvdB58Fs7Sr027GwQOg2ZiBiRAX6H+adJWmeq+WSv2b5UCA4THyXq46XVN3bC40RBcKg4PEgMjgQS4d9XhXQ4FxyzfzwkRdiFiIdGXNQG+ejg5xuKn57f2JKhJzruXHVB3ufmT5DoE6F8HCXDd5Af/tfrVMK6I6+TY/rJ/X0SpeJfmyZhvgiklvlJDCWFb95x7QmHo1EaREhb5GhwZloXlJe65+MBHBFOiPaAo/pu9qcS0TjW/1Ykhbx21q4mJJr8/PpTHYicqN24hnzQWX/7beAW4W0gBJUIl072Ro8kUoQoeVdRW0CY/eMQWXTknkoAVSgjeifl57chIhnMN5K5UkGdcN8Tw/qKfnGkiDpgWDJsk+RDGv4Pz6mEx7EN7ZD2mGS74tnh1suGf1zT+PqEbfJO6IAYKcqTFHEt82DC/bB0J/WBAwcKcWKiNXuX6XAPaRcuXChkRucfYWsfcaSIYSaGw3Q+UwiiMESNlGikkSI2LWUoMLxvWQKySFmxJUgiRej0/PPPS9vzI0uKstpRHrkROemZYwfLFhX8TiNFS6aNlL3CzsW8WZSH8LDzhk6HfmXjArerXo1sp0cnRudBJ4JDwSn7ToxOmA7FH7bBcTFJFuctb03RW7jmhxRn+IwOTTtjveb7KH/yZoiJYR/m9aA75ykTc27i3ta4TkLdkR7hOciQOMKoo/OPS34ZcsKQg0Q+Mvr7Ha6vf5oOCPfHtr4jJh1zipjgjQ4nRn546w006qxz1YUKQ3iHJIq1VuxPJI3J1OHQGkN5dObchzyxJUNm/jV+efQYuuJkqUPS+dcjvj1U0IPrKRuRCz2uhIT/IYBEcrAb9YDetCX0ZrgTp42unPfJCddBYCC8hz/oKETo+21LZY7NvraNJV/ykwjVzuW3CFZUVq0/1YH8DnR+W8gR9qb90p7ImzITgVK7Uj7upfWmAlGDFEkEIdJby4EO2BpyqNdSDnS6soWJ503ERnoOfYQYZv7qcaJDcm1UvqT8uJfWGfoxrEpUJKwTnhnqEdLEdbRpfcGg7Bq1C9uAPof8H9c+ELXD2XnjxJbkQ/1TxiTbZctWBDtcWjs7MY3+RsI2WZ46MFxPu6OtVkpSBAnxJzkjEIo0UnTmzBkhO3o90SKGiSAyRIl0AjETsRcsWCAkCAwePDi7j5nOqQmRLylCL50gzv3ZvV0jVGmkiHz5Qk4nQFNG/16lBUiP2ifcZy2JFAH2GcM2mpayKGiXpbmjPDvGN67/pkRuwn260kjRlaijnzC0r3u+yrOStqwmWicJHQNvjEQz6MAZZtBOj86NoQjeSHHChNx54DWtOmfejgpMVBzUQ/JjkvHRD7tl85M8E+bShHMT6GxxQNqhaWfsd8TnF02USAxve0RimC/CcXGWTepk85JITeQAyI8yHendWdJwTvWm8z7+Sc8CTlsFh6Nvibxd0uFph+p3uL5uaTpwLQ4eJytELkMusI1OmJbrvehSWl2gg96HOUIQKI4j/M8xPa9pcIoMEXEfbMiQJzbQdIhfnuzx6BpICvbALnrc1wHxz2MryCZ6a1kRdNHr0ZEhL9EhEp0Ii36QWE1HnkqK+A0x0Inc6KCRFPLO2tbLr0BkIKOD2gTHJsQsIkByr+gvzwQ2l3of2kfyhnhsf61qVnfyJDJFnv6QLu1foyPYkXTki0DOIA6no3tr1ErPEd3a17qxOxiRND/ioHY8M3loYn7nF31WoM5oz0QuaKO+vSkPw8TavvwJ4n57CNuAPoeSJjoWN6eIc37foHbgeJLtSFdUO5wY0is+TVQO7JHUJstTB7FDvZpyj0odKSoKmKxMtEW/mILIPPXUUyXecR7SwIRtvlAzFAb2vtM7ypuUjTA3hnkCOpGUjlCiV54TCYWhBpytOglfSO874nwklw44cSY684auDvqukGMbJRIC4YuLtlUGIdrIp9nuaFRvEXE4v2iSRFaSooImt6Ui2O5O6WCkKE8wHEQ0iAgN0Qw+i/cjQkWFRlXCiI/hNiCeFWFHeZOyEd745a33iVufqBeIQsRcn0uKQ4rSdOANmyiGHwG5G4TyE8nyP+2vjHJpzexsNAjhf5Y+iLvWpKBUBNvdKR0KkaLfNr5gYnJPyM51G01MTExMTPKWAqQIRzJh0c17XojQxB03MTExMTExqbxipMjExMTExMTEJBIjRSalLuMX3nAN2451rd+bkz02YuZZ9/TLbdzgiccKXGtiYmJiYlJRpNKSol8//LQbNv2M/H7lzR7ud3+q5boP3uAe/v3L7uNJx7PXtu3xuXv86Qbu07mXXZXXOrhOfZZlz6m81Wqk5Knyz7/8gxsy5aScI40e/4f/9wHX6r3ZQhrCPHzhHqSLO9floxXuZ//jEfe//K8/cP/2H6+5/uMOZM8NnHDYPfRoVfdCjS5u7Pxrcgw90If7/83/9kP36BOvZ9P0Gr7d/d//T8GlCbi3pnm59vtZXf2yD5p41P3p2caSH2mw3ag5F+Uc0r7nIvfEMw3dyFnns8fSjpuYmJiYmFQEqbSk6LEn67r3P94oxOi5ah0jZ93IDZ/xnXu1bk9Xq/FAIQM4bxx+twFrJF0SKUIgBVwbnvfTvDtwnfvtH17JkrEk4fo4UvTRmL3ugYeecj2GbHbjFlx39d4e4X7/5zeyhAQCx7Gnqr7tPplyQo5BcNCLv2Pnf++ad5nq/uW3zxQgfpA6/35c+6+/e1FsNOizI3JMyzF02mn34L9VERv5REiF84/9tY7oGp6DqFWt2dU16zy50DkTExMTE5M7LZWWFDVqN841aDtGiApEQYnDgPGHhBDg1Bn+eerFVkImSFcSUgTJ6thnqQwhEXXyrwkliRRBXmo26p/9zZAUxKXPqF1COF6s2U2iPxA71cMnRfzm3n986i3XuvvcbD5xpIg0Ddp86pp0nCjHtBykI31SGSBmz1XvlBgN+2DIFiFNYbSo2lt9JPqUyzYmJiYmJiZlJZWWFBElItrxZvMhrt/Y/e7Jqi2zxAGS8PTLbcV5QzI0XXFJEfdD/vs//dq9029VgfNxkkSKwvtDPJ55pZ0cIzJEhAiixG+GBDkfkiLNhzLq7yRS1GfkTomiQWD03uRbt8WwbD6Ui2s1asTQnU+4QiFKRnSr35h9BY4bKTIxMTExudNSaUkRZIcoyKt1Psg6fSUODAExxETExY94KDHQ377kEymCiP3PR57PDkklCdeTLjwe3t8nRQj6cpy5RUSQICAlIUX8rdNiqBA5vTekx0+LHf/8XNMsKQp1DIXruN4nmyYmJiYmJhVBKh0pYphJSZEew1ETZfGjF3HOPc3h5yJFek0+hIDrSRceZ+hMozSIDp/1zkR0NCKF/O3/8WPXbcDaQqQIHYjU+HqmkaIPP90jUZxnX20vaZp1niJRNZ3IHZKifCJF6AxxiztvYmJiYmJyp6TSkSKcdxwpCslKaZMijRTxxZhOcpZ5QLXelS/GiE5pGq6PI0XMx+GrOeYQ6UTrP1dp4gaOP+QeebxGAaIB0YFE+QQHHRky/O1jr8qkcv/aJFKEjpAivspDL+Zc/Y9fPy7zsJhr1Wv4Nhn2UlIEIYKg+RE2X0ISpVKjwUdSto8nf1PguImJiYmJSXmJkaLMsXxJkR+NgTiQFlLhH4/7JJ9P6BmSe2/wl9n80kiRnx+fzaMbRKNpp0nu//r7n8nn8ES3hkw9JcNbf3mumft03pVsHhCwR5+o6T4asy/7Sf7/+Xc/lYnepOEa8kz6JF9JEdeRP5EntQdEiLJQJvKsUf/D7L0pB8TPt6UK+ler1zv26zOO/e9/+yNZciA8Z2JiYmJiUh5SaecUxR03KR0p6jpFkKUOvRa7X/3Pv+acb2ViYmJiYlJWYqTIpNQFklO/9WhZqFKPpa1oTTTtVw89WSCKZmJiYmJiUt5ipMjExMTExMTEJJICpOjzzz8XYmRiYmJiYmJiUtmkECkyGAwGg8FgqIyo1KRo2LBhrmbNmu7ChQuZI3cG/fr1c/Xq1XOXLl3KHDFUJFw+dsEt/P0Ed3z+gcyRssWOHTtc9+7d3ffffy+/z50759q0aeOOHz8uvw0Gg8FQNjBSVAqkiPTt27d3P/nJT9zPfvYzN2bMGHft2jU517FjR/fFF1/I/0koa1I0atSo7Cf3uXQpKsiPMpYVbl674XZ9uMFN/rsBbvwPeru9I7ZmzpQuzn99xm1q84W7fvFWvfkoT1IE8alevbrbtm1b5sgtLF682DVs2LDIbXXp0qXugQcecLVq1TLSbTAYDDlgw2clxM2bN12vXr3cO++8465cueIOHz7snnnmGbdkyRI5nw8pKi+UhS5lTYrO7jjtVtea566cKluHzn3WN1gYS4rKC7SlPn36uClTpmSO3Mb169ddt27dYs8lARIEkVq/fn3miMFgMBjSUClJ0alTp9wf/nBrQUP/DZrjNWrUcI0bN3aPPvqoRJKI/EybNk3Or1y50j300EPZqMvPf/5zt2rVKklz5MgRuQbMmzdPSBLo1KmT++CDD9wjjzwikaRx48aJ82OIhPSaV75v8qrDD37wA/f888+7/fv3y3GiQR9//LF78skn3Q9/+EMhajhSHyEpQo/JkydLGUnToEEDd/r0aTnHdaob5ymTYsOGDXIfzv34xz8uU1J0YtlhieD4gCCtqjYnS5T8a4gk7R64yS1+fKL77L9+6Lb3WCvRJsDf/aO3uen/+IlEncjj6qnL8pffvmhEir96jPv4OLniiJv7wCg34W/7umVPT3UX9p2V42k6pOHo0aMSuTx58mTmSEF89dVXrk6dOnlHi2hP1A3t2mAwGAy5UakjRRCTpk2bFiBFkKXhw4e7du3audq1a7sZM2aIY8E+L774otu8ebNEhCA7nAvzANu3bxdipU7p9ddfdydOnHAHDhxwVatWzRIZRVwecdi3b5+rUqWK27lzp7tx44b77LPPhMigD6To8ccfd3v27JFoVdx9QlK0du1a9+qrr7pjx45JHhCpHj16CFnyQT5vvvmm++6778RxQ8Y2bdok1y1cuDAnKaJckD4lWQiEkHIngcjNjH8aUoCozP+3sUKEcpGiBb8b787vPuMuHjrnlj1zm6wcm7ffrXxttrt0tDCpyBUpIn+fFJ3f851b+uQUd27nt+7mjZvuwPgdbm2d+e7GleupOqQBwvv2228XIrMK7P/GG28UqtckMBRHpIi2azAYDIbcMFIUkKJq1apJ1AdHzxCYDg+FpIhjU6dOzYsUKRHB2eH0cH4+8iVFfgQKoC9kg7+QIgSQD/mFpMPXBQwYMMCNHTs286ugHrt27ZJhQCJSkBjIIvchPYRRiZPap6xQnEgRAiA4EB0ID+CabxYdlP9DFJUUHZ29z23puCLzq6BOaTqkIZctk+o1DrSF+++/X4h7SHINBoPBEA8jRR4Z8UmGEgh1VBChJk2aZIeaIAYMY0CgiLYQCVL45MUnIlevXhVSRJTFR0UjRWfPnpUIA8OHRKT8+4SOG+Lo/44D+hQ1UqTIhxRBdO4FUpRPpKhu3boFhmrTQGQSu/NsGwwGgyE3jBTlSYq4tn79+uKYfODA+Fx64MCBQpwYumKIi6EpQFqGmHhb1/lHoZMK9QBEan7zm99k5zMB5pQ8/fTTbvfu3UJWRo4c6Vq0aCFkqzikaP78+RIZg9ChO4Srb9++7vLlyzJcNmvWLMnrk08+kaE57EKeRMwYcmOojuO5SFFJEEeKrp6+7Ja/MMOd2/WtDE8teuyzvEjRwQk73aoacyR9CIa3ZJhrf/wwV0iKvtty0i3586RIhzMyfLZ3+Ffuy8aL3I2rt4bPikOKIDu0j6Q5RXHtJA1cR91QbwaDwWDIjUpJinAu/iRnRJ1HEik6c+aMkB29nmhRhw4dxPFAKpg3xFATk6AXLFiQHbIYPHiw++lPfyppmJwM2QmRLykiTyZG84k199K5SiCNFKG/6o1olIZlA4gWoZ8f/QJ8yk1UjMnhHCcahl1IwxICXP/ss8+6ESNGSP5lhThS5CLTMmGaScx8Kr+t+5q8SNH1S9dk0rN+3k9kRyNDSZ/+k68/r4l5TpJfpMPBibvcrF8Ml4nWK1+d7a6cuFV/xSVF1C9zurQefXAu6cu0JBgpMhgMhqKhUkeKigKiKky8VtIAqXjqqafynvSaBJwd8z74Qs1gKM11ioj4Mbdt9erVWZJuMBgMhmQYKcoTDG0QmSFCQrSFT+z9iFBRQTSAfMiPL4r8OUmGyg0IEWsSlcaK1rqEAxFQPxJpMBgMhsIwUmQwGAwGg8EQwUiRwWAwGAwGQwQjRQaDwWAwGAwRjBQZDHcAfMXH12QsBqqYM2eO+/TTT21StMFgMNwhGCkqQ/ApNCtBs/I14Eu1Bx98UNYtYhE+3TQW6PYZe/fuzS4DEELz8z+v18+3deI2wif2fCqvO/UnwV+agE/v+Txf0/j5ITpRF90og351R9l0tWu+jGrfvr3kxef8Y8aMkfwmTpwoE4X9RQnJhy+jWO8oLBPncgH7xF2XpIOChTNZqXvIkCGZIwXLynIHfppwOQPfDuz7xpddgPLrcg6sIcVSCv4+eb6ukJ7Ro0e7d999t4Bu6M4XZnxpZjAYDIbyh5GiMgQOks/4WXsGQjB37lxZFJGVqVncka/ZWD0asJkre4/hMHGgaWv/cD78mgjHrgQpaY+1EP76SCw6yTpK6rz9/Hxw/uWXX5Yv71g0smfPnlImvs5DfxaA1EUsIR8QP+4D4dNFCSkjNoFQ+WSiKIgjReSbpIOCVbpZ6weSpvbzywo5pV78sqPbc889J+VQcO+//vWv7v3335e69ctB/k888YSsNRUX9WEPOzZ25ZkLwT3iFvg0GAwGQ9nDSFEZgpWniVqwgCOOkOgNK1/jcIkQtGrVShwozpvFEfkLcLglIUVsGEskKpdj9UkR4J667Yefnw/ODx061A0aNEhWtGbXf/LQ1br9LSh0WxLyRx+Nqvgbm5YmKYJ0JekAiMRAhjjftm3bLMkJy4qerPTNp/AgiRSRF6SI6J6WgzKRVssaBwhwnG0BBAvdWBfLB0T3scceEzJtMBgMhrKBkaIyBE6URRnXrFkjjhBHh5NWh8h5Furr0qVLASdZXFKkQzUMHU2fPj02SuHDJ0U4cxw/W4kAPz9E78dx7g/BQ4iGoP/s2bMLECzgb4xL+XWBynXr1rlmzZpJpAkyUVrDZ355FL4OnEdXiAflYFgP8D+i4DpsoUQtiRShA+SH6JOSoo0bN8o2KKw7xfU6PKm66oKK4f53PoighYt5GikyGAyGsoeRojIEThHnhm0ZYtL5QuqAdbiHIR6uUajDTQLn40iR5osDxTErwUmC77R/8YtfyDwYJVIhUVBwjPtD9CA2DFNRxlykCF1eeeUViRIxd0kJiZIJJSD5ojikCN11fhekhM1Xw33jAPnkS4qIPnXq1EnIIeWAtDBU6JfH1xU90NHPK4TmbTAYDIbyhZGiMgSOl8m0PnB4fhQgzgHmcoqcTyNFwHfESVASgWMn2vHoo4/KnBoQ5qeA0IT5MjzFl1MMAforc/tDVwxF1axZ0y1fvtw1atRICCIoTVLEsFiSDtiK+/gRKZ0wHpaVfBneU/umkSIwadIkEfJnmJQ5V34kyNc130gRdjYYDAZD+cJIURnCd5yK8Fg+14TgfBopIlJEVMZ34nEbzCopIh/qn4iVRlJCoqDwHbyCY2wgyxwb5kzpJGc20PWHe3D0ECPmUnENKE1SxLBYkg6UlcnNOk+IiBgRHh3ORDiGnZgkzaR4RS5SBJGkTMwl4lrmWzFZm+PkyYa6vq7YIc62gOs7d+5cqGwHDx4U0sqXcQaDwWAoGxgpKkP4jlMRHku6xo9o6K72ONx8PsmP25ctFykCEIEGDRoIofDzQ5SExZERPUaEBjLADv58jh7qQHTkH/7hH5wOnYG4MoX5x4F7+mlUvyQduGc4TwdC1LJlSzdy5EjJgzTM2/H1TrqPX29cy9d0ujQB9oP4sDQCefKVmk+oiJK99tpr7ptvvskcuY2kL9OUtDIMS7TJYDAYDKUPI0UGQzkDElXUdYo4xxd8TFg3GAwGQ9nASJGhQiKM0KhoNOZuB2SIyJU/tyhpRWuiTET5mJSvUT2DwWAwlDac+/8B7dLg1GQXFQYAAAAASUVORK5CYII=","filters":[],"crossOrigin":"","alignX":"none","alignY":"none","meetOrSlice":"meet"}],"background":""},"back":[]}', 0, 0, '', '', 0);
INSERT INTO `de_orders` (`id`, `tenkhachhang`, `email`, `phone`, `orderNote`, `tennguoinhan`, `diachinguoinhan`, `phone_nguoinhan`, `bank_account`, `bank_name`, `noidung_bank`, `hinhdein`, `hinhminhhoa`, `isCase`, `isSkin`, `id_product`, `id_order`, `hang_dat_lai`, `is_sharing`, `list_asset_imgs`, `list_facebook_imgs`, `phuongthucthanhtoan`, `thumb`, `soluong`, `deleted_at`, `created_at`, `updated_at`, `status`, `hasBack`, `hinhdein_back`, `hinhminhhoa_back`, `user_json`, `status_sharing`, `hasLayerCircle`, `hinhdein_layerBack`, `hinhminhhoa_layerBack`, `id_user`) VALUES
(64, 'tun', 'anh.ss@g.com', '090889998', '			    	\n			    		', 'tun', '\n			    ', '090889998', '', '', '', '/uploads/ordersassets/order-1432656519back.png', '/packages/anahkiasen/illuminage/77af23448fba850192b50f0999d3b477.png', 1, 0, 16, 0, 0, 1, '', '', 'Nhận hàng chuyển tiền', '/packages/anahkiasen/illuminage/77af23448fba850192b50f0999d3b477.png', 1, NULL, '2015-05-26 09:08:39', '2015-05-26 09:08:39', 0, 1, '/uploads/ordersassets/order-1432656519.png', '/packages/anahkiasen/illuminage/60b39c49dbf75c299766da7dcf2689c9.png', '{"front":{"objects":[{"type":"image","originX":"left","originY":"top","left":62,"top":61,"width":1000,"height":1000,"fill":"rgb(0,0,0)","stroke":null,"strokeWidth":1,"strokeDashArray":null,"strokeLineCap":"butt","strokeLineJoin":"miter","strokeMiterLimit":10,"scaleX":0.6,"scaleY":0.6,"angle":0,"flipX":false,"flipY":false,"opacity":1,"shadow":null,"visible":true,"clipTo":null,"backgroundColor":"","fillRule":"nonzero","globalCompositeOperation":"source-over","src":"data:image/png;base64,iVBORw0KGgoAAAANSUhEUgAAA+gAAAPoCAYAAABNo9TkAAAgAElEQVR4Xuzdedz+7Vzn8ddYqnGTbbRphCIGSSYqZY00yhpRRiJFjCVlVCbUaNPIEkOUpUiRSFki0iKVJEUMY0kZJDtT2eZx8ruLMK7r+p3L8f0ez/Px6NE/5/c4Pu/ncfxu9/v+Xdd5/pu8CBAgQIAAAQIECBAgQIAAgYML/JuDT2AAAgQIECBAgAABAgQIECBAIAXdJSBAgAABAgQIECBAgAABAgMIKOgDHIIRCBAgQIAAAQIECBAgQICAgu4OECBAgAABAgQIECBAgACBAQQU9AEOwQgECBAgQIAAAQIECBAgQEBBdwcIECBAgAABAgQIECBAgMAAAgr6AIdgBAIECBAgQIAAAQIECBAgoKC7AwQIECBAgAABAgQIECBAYAABBX2AQzACAQIECBAgQIAAAQIECBBQ0N0BAgQIECBAgAABAgQIECAwgICCPsAhGIEAAQIECBAgQIAAAQIECCjo7gABAgQIECBAgAABAgQIEBhAQEEf4BCMQIAAAQIECBAgQIAAAQIEFHR3gAABAgQIECBAgAABAgQIDCCgoA9wCEYgQIAAAQIECBAgQIAAAQIKujtAgAABAgQIECBAgAABAgQGEFDQBzgEIxAgQIAAAQIECBAgQIAAAQXdHSBAgAABAgQIECBAgAABAgMIKOgDHIIRCBAgQIAAAQIECBAgQICAgu4OECBAgAABAgQIECBAgACBAQQU9AEOwQgECBAgQIAAAQIECBAgQEBBdwcIECBAgAABAgQIECBAgMAAAgr6AIdgBAIECBAgQIAAAQIECBAgoKC7AwQIECBAgAABAgQIECBAYAABBX2AQzACAQIECBAgQIAAAQIECBBQ0N0BAgQIECBAgAABAgQIECAwgICCPsAhGIEAAQIECBAgQIAAAQIECCjo7gABAgQIECBAgAABAgQIEBhAQEEf4BCMQIAAAQIECBAgQIAAAQIEFHR3gAABAgQIECBAgAABAgQIDCCgoA9wCEYgQIAAAQIECBAgQIAAAQIKujtAgAABAgQIECBAgAABAgQGEFDQBzgEIxAgQIAAAQIECBAgQIAAAQXdHSBAgAABAgQIECBAgAABAgMIKOgDHIIRCBAgQIAAAQIECBAgQICAgu4OECBAgAABAgQIECBAgACBAQQU9AEOwQgECBAgQIAAAQIECBAgQEBBdwcIECBAgAABAgQIECBAgMAAAgr6AIdgBAIECBAgQIAAAQIECBAgoKC7AwQIECBAgAABAgQIECBAYAABBX2AQzACAQIECBAgQIAAAQIECBBQ0N0BAgQIECBAgAABAgQIECAwgICCPsAhGIEAAQIECBAgQIAAAQIECCjo7gABAgQIECBAgAABAgQIEBhAQEEf4BCMQIAAAQIECBAgQIAAAQIEFHR3gAABAgQIECBAgAABAgQIDCCgoA9wCEYgQIAAAQIECBAgQIAAAQIKujtAgAABAgQIECBAgAABAgQGEFDQBzgEIxAgQIAAAQIECBAgQIAAAQXdHSBAgAABAgQIECBAgAABAgMIKOgDHIIRCBAgQIAAAQIECBAgQICAgu4OECBAgAABAgQIECBAgACBAQQU9AEOwQgECBAgQIAAAQIECBAgQEBBdwcIECBAgAABAgQIECBAgMAAAgr6AIdgBAIECBAgQIAAAQIECBAgoKC7AwQIECBAgAABAgQIECBAYAABBX2AQzACAQIECBAgQIAAAQIECBBQ0N0BAgQIECBAgAABAgQIECAwgICCPsAhGIEAAQIECBAgQIAAAQIECCjo7gABAgQIECBAgAABAgQIEBhAQEEf4BCMQIAAAQIECBAgQIAAAQIEFHR3gAABAgQIECBAgAABAgQIDCCgoA9wCEYgQIAAAQIECBAgQIAAAQIKujtAgAABAgQIECBAgAABAgQGEFDQBzgEIxAgQIAAAQIECBAgQIAAAQXdHSBAgAABAgQIECBAgAABAgMIKOgDHIIRCBAgQIAAAQIECBAgQICAgu4OECBAgAABAgQIECBAgACBAQQU9AEOwQgECBAgQIAAAQIECBAgQEBBdwcIECBAgAABAgQIECBAgMAAAgr6AIdgBAIECBAgQIAAAQIECBAgoKC7AwQIECBAgAABAgQIECBAYAABBX2AQzACAQIECBAgQIAAAQIECBBQ0N0BAgQIECBAgAABAgQIECAwgICCPsAhGIEAAQIECBAgQIAAAQIECCjo7gABAgQIECBAgAABAgQIEBhAQEEf4BCMQIAAAQIECBAgQIAAAQIEFHR3gAABAgQIECBAgAABAgQIDCCgoA9wCEYgQIAAAQIECBAgQIAAAQIKujtAgAABAgQIECBAgAABAgQGEFDQBzgEIxAgQIAAAQIECBAgQIAAAQXdHSBAgAABAgQIECBAgAABAgMIKOgDHIIRCBAgQIAAAQIECBAgQICAgu4OECBAgAABAgQIECBAgACBAQQU9AEOwQgECBAgQIAAAQIECBAgQEBBdwcIECBAgAABAgQIECBAgMAAAgr6AIdgBAIECBAgQIAAAQIECBAgoKC7AwQIECBAgAABAgQIECBAYAABBX2AQzACAQIECBAgQIAAAQIECBBQ0N0BAgQIECBAgAABAgQIECAwgICCPsAhGIEAAQIECBAgQIAAAQIECCjo7gABAgQIECBAgAABAgQIEBhAQEEf4BCMQIAAAQIECBAgQIAAAQIEFHR3gAABAgQIECBAgAABAgQIDCCgoA9wCEYgQIAAAQIECBAgQIAAAQIKujtAgAABAgQIECBAgAABAgQGEFDQBzgEIxAgQIAAAQIECBAgQIAAAQXdHSBAgAABAgQIECBAgAABAgMIKOgDHIIRCBAgQIAAAQIECBAgQICAgu4OECBAgAABAgQIECBAgACBAQQU9AEOwQgECBAgQIAAAQIECBAgQEBBdwcIECBAgAABAgQIECBAgMAAAgr6AIdgBAIECBAgQIAAAQIECBAgoKC7AwQIECBAgAABAgQIECBAYAABBX2AQzACAQIECBAgQIAAAQIECBBQ0N0BAgQIECBAgAABAgQIECAwgICCPsAhGIEAAQIECBAgQIAAAQIECCjo7gABAgQIECBAgAABAgQIEBhAQEEf4BCMQIAAAQIECBAgQIAAAQIEFHR3gAABAgQIECBAgAABAgQIDCCgoA9wCEYgQIAAAQIECBAgQIAAAQIKujtAgAABAgQIECBAgAABAgQGEFDQBzgEIxAgQIAAAQIECBAgQIAAAQXdHSBAgAABAgQIECBAgAABAgMIKOgDHIIRCBAgQIAAAQIECBAgQICAgu4OECBAgAABAgQIECBAgACBAQQU9AEOwQgECBAgQIAAAQIECBAgQEBBdwcIECBAgAABAgQIECBAgMAAAgr6AIdgBAIECBAgQIAAAQIECBAgoKC7AwQIECBAgAABAgQIECBAYAABBX2AQzACAQIECBAgQIAAAQIECBBQ0N0BAgQIECBAgAABAgQIECAwgICCPsAhGIEAAQIECBAgQIAAAQIECCjo7gABAgQIECBAgAABAgQIEBhAQEEf4BCMQIAAAQIECBAgQIAAAQIEFHR3gAABAgQIECBAgAABAgQIDCCgoA9wCEYgQIAAAQIECBAgQIAAAQIKujtAgAABAgQIECBAgAABAgQGEFDQBzgEIxAgQIAAAQIECBAgQIAAAQXdHSBAgAABAgQIECBAgAABAgMIKOgDHIIRCBAgQIAAAQIECBAgQICAgu4OECBAgAABAgQIECBAgACBAQQU9AEOwQgECBAgQIAAAQIECBAgQEBBdwcIECBAgAABAgQIECBAgMAAAgr6AIdgBAIECBAgQIAAAQIECBAgoKC7AwQIECBAgAABAgQIECBAYAABBX2AQzACAQIECBAgQIAAAQIECBBQ0N0BAgQIECBAgAABAgQIECAwgICCPsAhGIEAAQIECBAgQIAAAQIECCjo7gABAgQIECBAgAABAgQIEBhAQEEf4BCMQIAAAQIECBAgQIAAAQIEFHR3gAABAgQIECBAgAABAgQIDCCgoA9wCEYgQIAAAQIECBAgQIAAAQIKujtAgAABAgQIECBAgAABAgQGEFDQBzgEIxAgQIAAAQIECBAgQIAAAQXdHSBAgAABAgQIECBAgAABAgMIKOgDHIIRCBAgQIAAAQIECBAgQICAgu4OECBAgAABAgQIECBAgACBAQQU9AEOwQgECBAgQIAAAQIECBAgQEBBdwcIECBAgAABAgQIECBAgMAAAgr6AIdgBAIECBAgQIAAAQIECBAgoKC7AwQIECBAgAABAgQIECBAYAABBX2AQzACAQIECBAgQIAAAQIECBBQ0N0BAgQIECBAgAABAgQIECAwgICCPsAhGIEAAQIECBAgQIAAAQIECCjo7gABAgQIECBAgAABAgQIEBhAQEEf4BCMQIAAAQIECBAgQIAAAQIEFHR3gAABAgQIECBAgAABAgQIDCCgoA9wCEYgQIAAAQIECBAgQIAAAQIKujtAgAABAgQIECBAgAABAgQGEFDQBzgEIxAgQIAAAQIECBAgQIAAAQXdHSBAgAABAgQIECBAgAABAgMIKOgDHIIRCBAgQIAAAQIECBAgQICAgu4OECBAgAABAgQIECBAgACBAQQU9AEOwQgECBAgQIAAAQIECBAgQEBBdwcIECBAgAABAgQIECBAgMAAAgr6AIdgBAIECBAgQIAAAQIECBAgoKC7AwQIECBAgAABAgQIECBAYAABBX2AQzACAQIECBAgQIAAAQIECBBQ0N0BAgQIECBAgAABAgQIECAwgICCPsAhGIEAAQIECBAgQIAAAQIECCjo7gABAgQIECBAgAABAgQIEBhAQEEf4BCMQIAAAQIECBAgQIAAAQIEFHR3gAABAgQIECBAgAABAgQIDCCgoA9wCEYgQIAAAQIECBAgQIAAAQIKujtAgAABAgQIECBAgAABAgQGEFDQBzgEIxAgQIAAAQIECBAgQIAAAQXdHSBAgAABAgQIECBAgAABAgMIKOgDHIIRCBAgQIAAAQIECBAgQICAgu4OECBAgAABAgQIECBAgACBAQQU9AEOwQgECBAgQIAAAQIECBAgQEBBdwcIECBAgAABAgQIECBAgMAAAgr6AIdgBAIECBAgQIAAAQIECBAgoKC7AwQIECBAgAABAgQIECBAYAABBX2AQzACAQIECBAgQIAAAQIECBBQ0N0BAgQIECBAgAABAgQIECAwgICCPsAhGIEAAQIECBAgQIAAAQIECCjo7gABAgQIECBAgAABAgQIEBhAQEEf4BCMQIAAAQIECBAgQIAAAQIEFHR3gAABAgQIECBAgAABAgQIDCCgoA9wCEYgQIAAAQIECBAgQIAAAQIKujtAgAABAgQIECBAgAABAgQGEFDQBzgEIxAgQIAAAQIECBAgQIAAAQXdHSBAgAABAgQIECBAgAABAgMIKOgDHIIRCBAgQIAAAQIECBAgQICAgu4OECBAgAABAgQIECBAgACBAQQU9AEOwQgECBAgQIAAAQIECBAgQEBBdwcIECBAgAABAgQIECBAgMAAAgr6AIdgBAIECBAgQIAAAQIECBAgoKC7AwQIECBAgAABAgQIECBAYAABBX2AQzACAQIECBAgQIAAAQIECBBQ0N0BAgQIECBAgAABAgQIECAwgICCPsAhGIEAAQIECBAgQIAAAQIECCjo7gABAgQIECBAgAABAgQIEBhAQEEf4BCMQIAAAQIECBAgQIAAAQIEFHR3gAABAgQIECBAgAABAgQIDCCgoA9wCEYgQIAAAQIECBAgQIAAAQIKujtAgAABAgQIECBAgAABAgQGEFDQBzgEIxAgQIAAAQIECBAgQIAAAQXdHSBAgAABAgQIECBAgAABAgMIKOgDHIIRCBAgQIAAAQIECBAgQICAgu4OECBAgAABAgQIECBAgACBAQQU9AEOwQgECBAgQIAAAQIECBAgQEBBdwdmFzhrdYnqS6v/UH1RdeHqAqf+75yzA8lPgAABAgQIENiSwLurv6veUr22elX1surPqldU79/SPpYhsFgBBX2xR2fw0xDYFPJvrK5WXan6zNNYy6MECBAgQIAAAQKnL/Ce6ver51S/caq4n/6qViCwMAEFfWEHZtwTC1y0ukV1s+riJ17FgwQIECBAgAABAvsQ+N/VL1WPqV65jw3tQWAEAQV9hFMww64EzlJdp/ov1TV3tYl1CRAgQIAAAQIEdirwO9UDq6dUH9zpThYncGABBf3AB2D7nQhsivlNqh+qLrmTHSxKgAABAgQIECCwb4GXVz9R/aLfV983vf32JaCg70vaPvsSuEZ1v+pL9rWhfQgQIECAAAECBPYq8NLqbtXT9rqrzQjsQUBB3wOyLfYi8LnVg6ob7WU3mxAgQIAAAQIECBxa4KnVHaq/PvQg9iewLQEFfVuS1jmkwM2rn6nOfcgh7E2AAAECBAgQILB3gc1Xt921+tm972xDAjsQUNB3gGrJvQmcq3p49c1729FGBAgQIECAAAECIwo8ubpV9bYRhzMTgaMKKOhHlfK+0QQ2X5W2+QexD4Eb7WTMQ4AAAQIECBA4jMDmq9muX/3lYba3K4HTF1DQT9/QCvsXuMqpr9nwI+37t7cjAQIECBAgQGBkgc2PvN+4esbIQ5qNwCcTUNDdjaUJbP6Bu/lqjU9b2uDmJUCAAAECBAgQ2IvA+6tbVo/dy242IbBFAQV9i5iW2rnAt1aPqTbfc+5FgAABAgQIECBA4JMJfLC6nQ+Pc0GWJqCgL+3E5p33htUTlPN5L4DkBAgQIECAAIETCNyi+oUTPOcRAgcRUNAPwm7TYwp8TfVb1Wcc8zlvJ0CAAAECBAgQmFvgfdV1/U763JdgSekV9CWd1pyzXrR6YXXeOeNLTYAAAQIECBAgcJoC76q+onrZaa7jcQI7F1DQd05sg9MQOKP6w+oyp7GGRwkQIECAAAECBAi8srpC9XYUBEYWUNBHPh2zPaK6NQYCBAgQIECAAAECWxD4leqbt7COJQjsTEBB3xmthU9T4JtOfSjcaS7jcQIECBAgQIAAAQL/LLD5+rVH8yAwqoCCPurJzD3X+au/qi4wN4P0BAgQIECAAAECWxZ4R3WJ6o1bXtdyBLYioKBvhdEiWxZ4ZLX5r5teBAgQIECAAAECBLYt8MTqxtte1HoEtiGgoG9D0RrbFPjy6o+3uaC1CBAgQIAAAQIECPwrgatUv0uFwGgCCvpoJ2Ke36+uhIEAAQIECBAgQIDADgVeVP3H6kM73MPSBI4toKAfm8wDOxS4dvX0Ha5vaQIECBAgQIAAAQJnCtygejIOAiMJKOgjnYZZnl99JQYCBAgQIECAAAECexD4s+rL9rCPLQgcWUBBPzKVN+5Y4ArVH+14D8sTIECAAAECBAgQ+GiBq1bPQ0JgFAEFfZSTMMcvVDfHQIAAAQIECBAgQGCPAr9afdMe97MVgf+vgILugowgcO7qTdWnjzCMGQgQIECAAAECBKYReF/1edVbpkks6NACCvrQxzPNcLepfnaatIISIECAAAECBAiMJHCH6sEjDWSWeQUU9HnPfqTkv1Vdc6SBzEKAAAECBAgQIDCNwOZ30De/i+5F4OACCvrBj2D6AT6z+rvq06aXAECAAAECBAgQIHAIgQ9WF6jeeojN7UngowUUdPfh0ALXr37t0EPYnwABAgQIECBAYGqBm1a/PLWA8EMIKOhDHMPUQ9y/utPUAsITIECAAAECBAgcWmDzO+ib30X3InBQAQX9oPw2r15YXZ4EAQIECBAgQIAAgQMKvKS67AH3tzWBDwso6C7CIQXOVr3H758f8gjsTYAAAQIECBAgUL2/Omf1jzQIHFJAQT+kvr0vU23+a6UXAQIECBAgQIAAgUMLbH6q80WHHsL+cwso6HOf/6HT36B60qGHsD8BAgQIECBAgACB6ibVE0gQOKSAgn5IfXvftfopDAQIECBAgAABAgQGELh79RMDzGGEiQUU9IkPf4Dom3K+KeleBAgQIECAAAECBA4t8IDqzocewv5zCyjoc5//odM/urrFoYewPwECBAgQIECAAIHqcdW3kiBwSAEF/ZD69n5ydT0MBAgQIECAAAECBAYQeEp1/QHmMMLEAgr6xIc/QHQFfYBDMAIBAgQIECBAgMCHBX6r+joWBA4poKAfUt/ez6muhoEAAQIECBAgQIDAAALPq646wBxGmFhAQZ/48AeI7m/QBzgEIxAgQIAAAQIECHxY4KnVdVkQOKSAgn5IfXs/sboRBgIECBAgQIAAAQIDCPxadcMB5jDCxAIK+sSHP0D0h1bfNcAcRiBAgAABAgQIECDw8Oo7MRA4pICCfkh9e9+7+iEMBAgQIECAAAECBAYQ+NHqBweYwwgTCyjoEx/+ANFvU/3sAHMYgQABAgQIECBAgMDmJzv9u6l7cFABBf2g/NNvvvkE980nuXsRIECAAAECBAgQOLTA11a/fegh7D+3gII+9/kfOv3nVX976CHsT4AAAQIECBAgQKD6guqvSRA4pICCfkh9e28E3lqdFwUBAgQIECBAgACBAwq8q/rMA+5vawIfFlDQXYRDCzyvuvKhh7A/AQIECBAgQIDA1AIvqL5yagHhhxBQ0Ic4hqmHeHD13VMLCE+AAAECBAgQIHBogUdUmw8w9iJwUAEF/aD8Nq9uW/1PEgQIECBAgAABAgQOKHCX6v4H3N/WBD4soKC7CIcW+Orq9w49hP0JECBAgAABAgSmFrhW9aypBYQfQkBBH+IYph7iPNXbphYQngABAgQIECBA4NACn+/bhQ59BPb3N+juwCgCr682/1D0IkCAAAECBAgQILBvgXdUm7808iJwcAF/g37wIzBA9fTq2iQIECBAgAABAgQIHEDg96uvOcC+tiTwcQIKuksxgsB9q+8dYRAzECBAgAABAgQITCfwsFMfXDxdcIHHE1DQxzuTGSe6RfXoGYPLTIAAAQIECBAgcHCBO1UPPPgUBiDgU9zdgUEELle9aJBZjEGAAAECBAgQIDCXwDWq58wVWdpRBfwN+qgnM9dcn1G9pzrLXLGlJUCAAAECBAgQGEDgc6s3DjCHEQj4HnR3YBiBl1dfPMw0BiFAgAABAgQIEJhB4K3V+WcIKuMyBPwN+jLOaYYpn1jdaIagMhIgQIAAAQIECAwj8LzqqsNMY5DpBRT06a/AMAD3qu45zDQGIUCAAAECBAgQmEHgIdXtZwgq4zIEFPRlnNMMU96w+tUZgspIgAABAgQIECAwjMAdqgcPM41BphdQ0Ke/AsMAXLx6xTDTGIQAAQIECBAgQGAGgatVvzNDUBmXIaCgL+OcZpjyrNW7q80nunsRIECAAAECBAgQ2IfAZ1V/t4+N7EHgKAIK+lGUvGdfApvvQt98J7oXAQIECBAgQIAAgV0LvLn67F1vYn0CxxFQ0I+j5b27FnhU9W273sT6BAgQIECAAAECBKrnVlcnQWAkAQV9pNMwy/dW98VAgAABAgQIECBAYA8CD6ruuId9bEHgyAIK+pGpvHEPAteunr6HfWxBgAABAgQIECBA4HbVQzEQGElAQR/pNMxywepvMBAgQIAAAQIECBDYg8BVqt/dwz62IHBkAQX9yFTeuCeBt1Xn2dNetiFAgAABAgQIEJhX4PzVW+eNL/mIAgr6iKcy90yb/4r5NXMTSE+AAAECBAgQILBjgTdUm5/e9CIwlICCPtRxGKZ6cPXdJAgQIECAAAECBAjsUODZ1TV3uL6lCZxIQEE/EZuHdiiw+bCOh+xwfUsTIECAAAECBAgQeEB1ZwwERhNQ0Ec7EfNsfrzdh3W4BwQIECBAgAABArsU+M7q4bvcwNoETiKgoJ9EzTO7FNh8QNzmg+K8CBAgQIAAAQIECOxK4KurP9jV4tYlcFIBBf2kcp7bpcDrq8/f5QbWJkCAAAECBAgQmFpg85dC75haQPghBRT0IY9l+qGeXl17egUABAgQIECAAAECuxDY/GXQhXaxsDUJnK6Agn66gp7fhcB9q+/dxcLWJECAAAECBAgQmF7gmf4yaPo7MCyAgj7s0Uw92C2qR08tIDwBAgQIECBAgMCuBH66+p5dLW5dAqcjoKCfjp5ndyVwuepFu1rcugQIECBAgAABAlML3Lr6+akFhB9WQEEf9mimHuwzqvdUZ5laQXgCBAgQIECAAIFdCHxl9YJdLGxNAqcroKCfrqDndyXw8uqLd7W4dQkQIECAAAECBKYVOFf17mnTCz60gII+9PFMPdwTqxtNLSA8AQIECBAgQIDAtgVeV11424taj8C2BBT0bUlaZ9sC96ruue1FrUeAAAECBAgQIDC1wNOq60wtIPzQAgr60Mcz9XA3rH51agHhCRAgQIAAAQIEti3wU9X3bXtR6xHYloCCvi1J62xb4OLVK7a9qPUIECBAgAABAgSmFvj26lFTCwg/tICCPvTxTD3cWU99eMfmE929CBAgQIAAAQIECGxD4MurF25jIWsQ2IWAgr4LVWtuS2DzXeib70T3IkCAAAECBAgQIHC6Ah+qzlm993QX8jyBXQko6LuSte42BDY/fvRt21jIGgQIECBAgAABAtMLvKa66PQKAIYWUNCHPp7ph/ve6r7TKwAgQIAAAQIECBDYhsBTq+tuYyFrENiVgIK+K1nrbkPg2tXTt7GQNQgQIECAAAECBKYX+Inq7tMrABhaQEEf+nimH+6C1d9MrwCAAAECBAgQIEBgGwKbX518zDYWsgaBXQko6LuSte62BN5WnWdbi1mHAAECBAgQIEBgWoHNhw+/eNr0gi9CQEFfxDFNPeTvVl8ztYDwBAgQIECAAAECpyvwweqM6h9OdyHPE9ilgIK+S11rb0PgIdXttrGQNQgQIECAAAECBKYVeFV1sWnTC74YAQV9MUc17aDfXT142vSCEyBAgAABApPlBfsAACAASURBVAQIbEPgKdX1t7GQNQjsUkBB36WutbchcOXqedtYyBoECBAgQIAAAQLTCvxo9YPTphd8MQIK+mKOatpBNx8Qt/mgOC8CBAgQIECAAAECJxX41upxJ33YcwT2JaCg70vaPqcjsPmqtc1XrnkRIECAAAECBAgQOInAZauXnORBzxDYp4CCvk9te51U4BnV1530Yc8RIECAAAECBAhMLfCB6hzVP02tIPwiBBT0RRzT9EPet/re6RUAECBAgAABAgQInETgFdUlTvKgZwjsW0BB37e4/U4i8G3Vo07yoGcIECBAgAABAgSmF/i16obTKwBYhICCvohjmn7IL6v+dHoFAAQIECBAgAABAicR+JHqh07yoGcI7FtAQd+3uP1OIvAZ1Xuqs5zkYc8QIECAAAECBAhMLXCT6glTCwi/GAEFfTFHNf2gm98duvj0CgAIECBAgAABAgSOK3Dp6qXHfcj7CRxCQEE/hLo9TyLwq3536CRsniFAgAABAgQITC3w/lOf4P6+qRWEX4yAgr6Yo5p+0HtV95xeAQABAgQIECBAgMBxBF5WXeo4D3gvgUMKKOiH1Lf3cQRuVD3xOA94LwECBAgQIECAwPQCm39/vPH0CgAWI6CgL+aoph/0i6uXT68AgAABAgQIECBA4DgCm5/CvPdxHvBeAocUUNAPqW/v4wic9dQnuX/6cR7yXgIECBAgQIAAgakFNj+F+aSpBYRflICCvqjjmn7YF1WXm14BAAECBAgQIECAwFEFLumnMI9K5X0jCCjoI5yCGY4q8OjqFkd9s/cRIECAAAECBAhMLbD55PZzVJtPcvcisAgBBX0Rx2TIUwLfV/0kDQIECBAgQIAAAQJHEPiL6kuO8D5vITCMgII+zFEY5AgC166efoT3eQsBAgQIECBAgACBX65uioHAkgQU9CWdllk/v3o9BgIECBAgQIAAAQJHELhHdZ8jvM9bCAwjoKAPcxQGOaLA26tzH/G93kaAAAECBAgQIDCvwA2qJ88bX/IlCijoSzy1uWf+3epr5iaQngABAgQIECBA4AgCF69eeYT3eQuBYQQU9GGOwiBHFHhIdbsjvtfbCBAgQIAAAQIE5hT4x+qM6gNzxpd6qQIK+lJPbt65v7t68LzxJSdAgAABAgQIEDiCwJ9XX3qE93kLgaEEFPShjsMwRxC4cvW8I7zPWwgQIECAAAECBOYVeGx183njS75UAQV9qSc379znqd42b3zJCRAgQIAAAQIEjiDw/dWPH+F93kJgKAEFfajjMMwRBf6muuAR3+ttBAgQIECAAAEC8wlcr/r1+WJLvHQBBX3pJzjn/M+ovm7O6FITIECAAAECBAgcQeALq1cf4X3eQmAoAQV9qOMwzBEF7lt97xHf620ECBAgQIAAAQJzCfzf6pzVB+eKLe0aBBT0NZzifBm+rXrUfLElJkCAAAECBAgQOILAn1VfdoT3eQuB4QQU9OGOxEBHENj8A/dPj/A+byFAgAABAgQIEJhP4NHVLeeLLfEaBBT0NZzifBk+o3pPdZb5oktMgAABAgQIECDwKQTuVm1+JdKLwOIEFPTFHZmBTwm8oro4DQIECBAgQIAAAQL/SuAbqt+kQmCJAgr6Ek/NzBuBX61uiIIAAQIECBAgQIDAvxK4SPVaKgSWKKCgL/HUzLwRuFd1TxQECBAgQIAAAQIEPkpg82uQ56o+RIXAEgUU9CWempk3AjeqnoiCAAECBAgQIECAwEcJ/El1BSIEliqgoC/15Mz9xdXLMRAgQIAAAQIECBD4KIFHVrciQmCpAgr6Uk/O3Gc99Unun46CAAECBAgQIECAwCmBu1b3o0FgqQIK+lJPztwbgRdVl0NBgAABAgQIECBA4JTA11fPoEFgqQIK+lJPztwbgUdXt0BBgAABAgQIECBA4JTAF1R/TYPAUgUU9KWenLk3At9X/SQKAgQIECBAgAABAtW7qs8kQWDJAgr6kk/P7Neuno6BAAECBAgQIECAQPWH1VeRILBkAQV9yadn9n/vR5hcAgIECBAgQIAAgVMCj6huQ4PAkgUU9CWfntk3Am+vzo2CAAECBAgQIEBgeoG7VPefXgHAogUU9EUfn+Gr36u+mgQBAgQIECBAgMD0AteqnjW9AoBFCyjoiz4+w1f/s7otCQIECBAgQIAAgekFPr/62+kVACxaQEFf9PEZvrp99TMkCBAgQIAAAQIEphZ4R3WeqQWEX4WAgr6KY5w6xJWr500tIDwBAgQIECBAgMDm1x43/17oRWDRAgr6oo/P8NV5q7eSIECAAAECBAgQmFrgYX7tcerzX014BX01Rzl1kM3vGn3e1ALCEyBAgAABAgTmFrhT9cC5CaRfg4CCvoZTlOEZ1ddhIECAAAECBAgQmFbgGtVzpk0v+GoEFPTVHOXUQX6quuvUAsITIECAAAECBOYW+NzqjXMTSL8GAQV9Dacowy2rR2IgQIAAAQIECBCYUuDvq383ZXKhVyegoK/uSKcM9GXVn06ZXGgCBAgQIECAAIHNN/pcFQOBNQgo6Gs4RRn+bfXu6iwoCBAgQIAAAQIEphN4SHX76VILvEoBBX2VxzplqP9VXWzK5EITIECAAAECBOYWuEP14LkJpF+LgIK+lpOU40nVDTAQIECAAAECBAhMJ3C16nemSy3wKgUU9FUe65Sh7lXdc8rkQhMgQIAAAQIE5hb4rOrv5iaQfi0CCvpaTlKOb6qegIEAAQIECBAgQGAqgTdVnzNVYmFXLaCgr/p4pwp3ieqvpkosLAECBAgQIECAwHOrq2MgsBYBBX0tJynHWav3VJ+OggABAgQIECBAYBqBB1V3nCatoKsXUNBXf8RTBfyz6kunSiwsAQIECBAgQGBugdtVD52bQPo1CSjoazpNWR5T/WcMBAgQIECAAAEC0whcpfrdadIKunoBBX31RzxVwO+rfnKqxMISIECAAAECBOYWOF/1trkJpF+TgIK+ptOU5eurp2EgQIAAAQIECBCYQuAN1QWnSCrkNAIK+jRHPUXQf1/99RRJhSRAgAABAgQIEHh2dU0MBNYkoKCv6TRl2Qi8vTo3CgIECBAgQIAAgdULPKC68+pTCjiVgII+1XFPEfb3qq+eIqmQBAgQIECAAIG5Bb6zevjcBNKvTUBBX9uJyvM/q9tiIECAAAECBAgQWL3Alarnrz6lgFMJKOhTHfcUYW9f/cwUSYUkQIAAAQIECMwtsPm1xnfOTSD92gQU9LWdqDxXrp6HgQABAgQIECBAYNUCr68utOqEwk0poKBPeeyrDn3e6q2rTigcAQIECBAgQIDAM6trYyCwNgEFfW0nKs9G4G+rz0NBgAABAgQIECCwWoGfrr5ntekEm1ZAQZ/26Fcd/BnV1606oXAECBAgQIAAgbkFbl39/NwE0q9RQEFf46nK9FPVXTEQIECAAAECBAisVuCK1R+vNp1g0woo6NMe/aqD37J65KoTCkeAAAECBAgQmFvgXNW75yaQfo0CCvoaT1WmL6v+FAMBAgQIECBAgMAqBV5XXXiVyYSaXkBBn/4KrBLg3576L6pnWWU6oQgQIECAAAECcws8rbrO3ATSr1VAQV/rycr1v6qLYSBAgAABAgQIEFidwObzhr5vdakEIlAp6K7BWgWeVN1greHkIkCAAAECBAhMLPDt1aMmzi/6igUU9BUf7uTR7lXdc3ID8QkQIECAAAECaxS4fPWiNQaTiYCC7g6sVeCbqiesNZxcBAgQIECAAIFJBT5UnbN676T5xV65gIK+8gOeON4lqr+aOL/oBAgQIECAAIE1Crymuugag8lEYCOgoLsHaxU4a/We6tPXGlAuAgQIECBAgMCEAk+trjthbpEnEVDQJznoSWO+uLrspNnFJkCAAAECBAisUeAnqruvMZhMBPwNujuwdoHHVP957SHlI0CAAAECBAhMJLD5d7tfnCivqJMJ+Bv0yQ58srh3qzb/ldWLAAECBAgQIEBgHQKXqzY/JelFYJUCCvoqj1WoUwL/qfpNGgQIECBAgAABAqsQ+GB1RvUPq0gjBIFPIKCguxZrFrhQ9bo1B5SNAAECBAgQIDCRwKuqi02UV9QJBRT0CQ99sshvr849WWZxCRAgQIAAAQJrFHhKdf01BpOJwJkCCrq7sHaB36+utPaQ8hEgQIAAAQIEJhD40eoHJ8gp4sQCCvrEhz9J9IdW3zVJVjEJECBAgAABAmsWuFn1+DUHlI2Agu4OrF3g9tXPrD2kfAQIECBAgACBCQQuW71kgpwiTiygoE98+JNEv0r1O5NkFZMAAQIECBAgsFaBD1TnqP5prQHlIrARUNDdg7ULnK/6+7WHlI8AAQIECBAgsHKBV1SXWHlG8Qgo6O7AFAJ/W33eFEmFJECAAAECBAisU+DXqhuuM5pUBP5FwN+guw0zCDyzutYMQWUkQIAAAQIECKxU4Iere640m1gE/llAQXcZZhD4H9X3zBBURgIECBAgQIDASgVuUj1hpdnEIqCguwNTCdyyeuRUiYUlQIAAAQIECKxL4NLVS9cVSRoCHy/gb9DdihkELl+9cIagMhIgQIAAAQIEVijw/lOf4P6+FWYTicDHCCjoLsQMApuv5HhXdZYZwspIgAABAgQIEFiZwMuqS60skzgEPqGAgu5izCLwyuqLZgkrJwECBAgQIEBgRQJPrG68ojyiEPikAgq6yzGLwJOqG8wSVk4CBAgQIECAwIoENp/evvkUdy8CqxdQ0Fd/xAKeErh39UM0CBAgQIAAAQIEFidwo2rzly1eBFYvoKCv/ogFPCWw+bGoX6FBgAABAgQIECCwOIFLVi9f3NQGJnACAQX9BGgeWaTAJaq/WuTkhiZAgAABAgQIzCuw+eT2zQf+bj7J3YvA6gUU9NUfsYCnBM5Wvbv6dCIECBAgQIAAAQKLEfiL6ksWM61BCZymgIJ+moAeX5TAi6vLLmpiwxIgQIAAAQIE5hZ4fHWzuQmkn0lAQZ/ptGV9TPWfMRAgQIAAAQIECCxG4B7VfRYzrUEJnKaAgn6agB5flMDdqp9Y1MSGJUCAAAECBAjMLbD5mtwnz00g/UwCCvpMpy3rf6p+EwMBAgQIECBAgMBiBC5evXIx0xqUwGkKKOinCejxRQlcqHrdoiY2LAECBAgQIEBgXoF/rM6oPjAvgeSzCSjos524vG+vzo2BAAECBAgQIEBgeIE/r750+CkNSGCLAgr6FjEttQiB36+utIhJDUmAAAECBAgQmFvgF33A79wXYMb0CvqMpz535odW3zU3gfQECBAgQIAAgUUIfH/144uY1JAEtiSgoG8J0jKLEbh99TOLmdagBAgQIECAAIF5Ba5X/fq88SWfUUBBn/HU5858lep35iaQngABAgQIECCwCIEvrF69iEkNSWBLAgr6liAtsxiB81V/v5hpDUqAAAECBAgQmFPg/1bnrD44Z3ypZxVQ0Gc9+blz/231eXMTSE+AAAECBAgQGFrgRdXlh57QcAR2IKCg7wDVksMLPLO61vBTGpAAAQIECBAgMK/Ao6tbzhtf8lkFFPRZT37u3P+j+p65CaQnQIAAAQIECAwtcLfqvkNPaDgCOxBQ0HeAasnhBTb/NfaRw09pQAIECBAgQIDAvALfUP3mvPEln1VAQZ/15OfOvfl9phfOTSA9AQIECBAgQGBogYtUrx16QsMR2IGAgr4DVEsOL3CO6l3VWYaf1IAECBAgQIAAgfkE3lOdq/rQfNElnl1AQZ/9Bsyb/5XVF80bX3ICBAgQIECAwLACf1xdcdjpDEZghwIK+g5xLT20wJOqGww9oeEIECBAgAABAnMKbD4r6FZzRpd6dgEFffYbMG/+e1c/NG98yQkQIECAAAECwwrctbrfsNMZjMAOBRT0HeJaemiBG1e/MvSEhiNAgAABAgQIzCnw9dUz5owu9ewCCvrsN2De/JesXjZvfMkJECBAgAABAsMKfEH118NOZzACOxRQ0HeIa+mhBc5WbT4h9NOGntJwBAgQIECAAIG5BN5ZnXuuyNIS+BcBBd1tmFngxdVlZwaQnQABAgQIECAwmMDzqysNNpNxCOxNQEHfG7WNBhT4hermA85lJAIECBAgQIDArAKPqG4za3i5CSjo7sDMAv+1+vGZAWQnQIAAAQIECAwmcJfq/oPNZBwCexNQ0PdGbaMBBa5T/caAcxmJAAECBAgQIDCrwLWqZ80aXm4CCro7MLPAharXzQwgOwECBAgQIEBgMIHPr/52sJmMQ2BvAgr63qhtNKjAO6rPHHQ2YxEgQIAAAQIEZhJ4W3W+mQLLSuBfCyjo7sTsAn9QfdXsCPITIECAAAECBAYQ+L3qygPMYQQCBxNQ0A9Gb+NBBB5afdcgsxiDAAECBAgQIDCzwMOq284MIDsBBd0dmF3gDtWDZkeQnwABAgQIECAwgMCdqgcOMIcRCBxMQEE/GL2NBxG4avXcQWYxBgECBAgQIEBgZoFrVM+ZGUB2Agq6OzC7wOaDSP5+dgT5CRAgQIAAAQIDCHxO9aYB5jACgYMJKOgHo7fxQAJvqD53oHmMQoAAAQIECBCYTeAt1QVmCy0vgX8toKC7EwTqt6prgiBAgAABAgQIEDiYwPOqza8eehGYWkBBn/r4hT8lcL/qLjQIECBAgAABAgQOJvCQ6vYH293GBAYRUNAHOQhjHFTgltUjDzqBzQkQIECAAAECcwtsvlnnwXMTSE+gFHS3gED9x+pPQBAgQIAAAQIECBxM4GrV7xxsdxsTGERAQR/kIIxxUIFzVO/Of7A66CHYnAABAgQIEJha4N/5Zp2pz1/4UwIKuqtA4CMCr6y+CAYBAgQIECBAgMDeBTZfrbb5ijUvAtMLKOjTXwEApwR+rbo+DQIECBAgQIAAgb0LPLe6+t53tSGBAQUU9AEPxUgHEfjh6r8dZGebEiBAgAABAgTmFnhQdce5CaQn8BEBBd1NIPARgRtXvwKDAAECBAgQIEBg7wK3qx66911tSGBAAQV9wEMx0kEELlm97CA725QAAQIECBAgMLfAlavfm5tAegIfEVDQ3QQCHxE4W/We6tOAECBAgAABAgQI7FXgvNXb97qjzQgMKqCgD3owxjqIwIuryx5kZ5sSIECAAAECBOYUeEN1wTmjS03g4wUUdLeCwL8I/EJ1cyAECBAgQIAAAQJ7E3h2dc297WYjAoMLKOiDH5Dx9irwX6sf3+uONiNAgAABAgQIzC3wgOrOcxNIT+BfBBR0t4HAvwhcp/oNIAQIECBAgAABAnsT+M7q4XvbzUYEBhdQ0Ac/IOPtVeBC1ev2uqPNCBAgQIAAAQJzC3xV9YdzE0hP4F8EFHS3gcDHCryj+kwoBAgQIECAAAECexE4d/XOvexkEwILEFDQF3BIRtyrwB9Um/+S60WAAAECBAgQILBbgddXm59g9CJA4JSAgu4qEPhYgYdW3wWFAAECBAgQIEBg5wLPrK69811sQGBBAgr6gg7LqHsRuEP1oL3sZBMCBAgQIECAwNwCP119z9wE0hP4WAEF3Y0g8LECV62eC4UAAQIECBAgQGDnAreufn7nu9iAwIIEFPQFHZZR9yJwvurv97KTTQgQIECAAAECcwtcofqTuQmkJ/CxAgq6G0Hg4wXeUH0uGAIECBAgQIAAgZ0KnKt69053sDiBhQko6As7MOPuReC3qmvuZSebECBAgAABAgTmFHhddeE5o0tN4JMLKOhuB4GPF7hfdRcwBAgQIECAAAECOxN4WnWdna1uYQILFVDQF3pwxt6pwC2rR+50B4sTIECAAAECBOYW+Knq++YmkJ7Axwso6G4FgY8X+I8+sMS1IECAAAECBAjsVGDzFyKP3ukOFiewQAEFfYGHZuSdC5zj1AeW+POxc2obECBAgAABApMKXL560aTZxSbwSQUUEJeDwCcWeFX1hXAIECBAgAABAgS2LvCh6pzVe7e+sgUJLFxAQV/4ARp/ZwJPrq63s9UtTIAAAQIECBCYV+A11UXnjS85gU8uoKC7HQQ+scAPV/8NDgECBAgQIECAwNYFnlpdd+urWpDACgQU9BUcogg7EbhJ9cs7WdmiBAgQIECAAIG5BX6iuvvcBNIT+MQCCrqbQeATC/yH6qVwCBAgQIAAAQIEti5w8+qxW1/VggRWIKCgr+AQRdiJwNlOfXDJ2XeyukUJECBAgAABAvMKXK568bzxJSfwyQUUdLeDwCcX2PwPx2UBESBAgAABAgQIbE3gg9UZ1T9sbUULEViRgIK+osMUZesCv1h969ZXtSABAgQIECBAYF6BzVfZXmze+JIT+P8LKOhuCIFPLrD58JIfA0SAAAECBAgQILA1gadU19/aahYisDIBBX1lByrOVgWuU/3GVle0GAECBAgQIEBgboH7VPeYm0B6Ap9cQEF3Owh8coEvqF4LiAABAgQIECBAYGsCN6sev7XVLERgZQIK+soOVJytC7yzOtfWV7UgAQIECBAgQGBOgc0H8L5kzuhSE/jUAgr6pzbyjrkF/qD6qrkJpCdAgAABAgQIbEXgA9U5qn/aymoWIbBCAQV9hYcq0lYFHlZ951ZXtBgBAgQIECBAYE6BV1SXmDO61ASOJqCgH83Ju+YV+C/VA+eNLzkBAgQIECBAYGsCv1bdcGurWYjACgUU9BUeqkhbFbhq9dytrmgxAgQIECBAgMCcAveu7jVndKkJHE1AQT+ak3fNK3D+6i3zxpecAAECBAgQILA1gZtUT9jaahYisEIBBX2FhyrS1gX+T/U5W1/VggQIECBAgACBuQQuXb10rsjSEjiegIJ+PC/vnlPgWdXXzhldagIECBAgQIDAVgTef+oT3N+3ldUsQmClAgr6Sg9WrK0K3K+6y1ZXtBgBAgQIECBAYC6Bl1WXmiuytASOL6CgH9/ME/MJfHv18/PFlpgAAQIECBAgsDWBX6m+eWurWYjASgUU9JUerFhbFfjy6o+3uqLFCBAgQIAAAQJzCdyz+uG5IktL4PgCCvrxzTwxn8A5qndX/rzMd/YSEyBAgAABAtsRuFH1pO0sZRUC6xVQONZ7tpJtV+BV1Rdud0mrESBAgAABAgSmEbhk9fJp0gpK4IQCCvoJ4Tw2ncCTq+tNl1pgAgQIECBAgMDpC2w+uX3zE4mbT3L3IkDg/yOgoLseBI4msPmdqf92tLd6FwECBAgQIECAwEcJ/EX1JUQIEPjUAgr6pzbyDgIbgZtUv4yCAAECBAgQIEDg2AKPq7712E95gMCEAgr6hIcu8okE/kP10hM96SECBAgQIECAwNwC96juMzeB9ASOJqCgH83JuwicrXpvdXYUBAgQIECAAAECxxK4QbX5PB8vAgQ+hYCC7ooQOLrAi6vLHv3t3kmAAAECBAgQIFBdvHolCQIEPrWAgv6pjbyDwJkCv+j3p1wGAgQIECBAgMCxBP6xOqP6wLGe8mYCkwoo6JMevNgnErh79WMnetJDBAgQIECAAIE5BTY/gXi5OaNLTeD4Agr68c08Ma/AdarfmDe+5AQIECBAgACBYwv8QnWLYz/lAQKTCijokx682CcS+ILqtSd60kMECBAgQIAAgTkFvr/68TmjS03g+AIK+vHNPDG3wDurc81NID0BAgQIECBA4MgC16t+/cjv9kYCkwso6JNfAPGPLfAH1Vcd+ykPECBAgAABAgTmFPjC6tVzRpeawPEFFPTjm3liboGHVd85N4H0BAgQIECAAIEjCfzf6pzVB4/0bm8iQCAF3SUgcDyB/1I98HiPeDcBAgQIECBAYEqBF1ZfPmVyoQmcUEBBPyGcx6YVuGr13GnTC06AAAECBAgQOLrAo6tbHv3t3kmAgILuDhA4nsD5q7cc7xHvJkCAAAECBAhMKXC36r5TJheawAkFFPQTwnlsaoH/U33O1ALCEyBAgAABAgQ+tcA3VL/5qd/mHQQInCmgoLsLBI4v8Kzqa4//mCcIECBAgAABAlMJXKR67VSJhSVwmgIK+mkCenxKgftVd5kyudAECBAgQIAAgaMJvLv6zOpDR3u7dxEgsBFQ0N0DAscXuFX1c8d/zBMECBAgQIAAgWkE/qj6imnSCkpgSwIK+pYgLTOVwObrQv54qsTCEiBAgAABAgSOJ/DIavOXGl4ECBxDQEE/Bpa3EjglcEb1Lj+B4j4QIECAAAECBD6pwF2rza8FehEgcAwBBf0YWN5K4KME/nd1USIECBAgQIAAAQKfUODrq2ewIUDgeAIK+vG8vJvAmQJPrq6HgwABAgQIECBA4BMKfEH112wIEDiegIJ+PC/vJnCmwI9U98BBgAABAgQIECDwcQLvqM7DhQCB4wso6Mc38wSBjcA3V49HQYAAAQIECBAg8HECz6+uxIUAgeMLKOjHN/MEgY3Apaq/REGAAAECBAgQIPBxAo+obsOFAIHjCyjoxzfzBIGNwNmq91Znx0GAAAECBAgQIPAxAnep7s+EAIHjCyjoxzfzBIEzBf68+hIcBAgQIECAAAECHyNwrepZTAgQOL6Agn58M08QOFPgsdW34CBAgAABAgQIEPgYgQtWb2BCgMDxBRT045t5gsCZAnevfgwHAQIECBAgQIDAPwu8rTofDwIETiagoJ/MzVMENgLfUD0VBQECBAgQIECAwD8L/F51ZR4ECJxMQEE/mZunCGwELly9BgUBAgQIECBAgMA/Czysui0PAgROJqCgn8zNUwTOFHhndS4cBAgQIECAAAECHxa4U/VAFgQInExAQT+Zm6cInCnw/OorcRAgQIAAAQIECHxY4BrVc1gQIHAyAQX9ZG6eInCmwM9Wt8FBgAABAgQIECDwYYHPrt7MggCBkwko6Cdz8xSBMwXuWD0ABwECBAgQIECAQG+pLsCBAIGTCyjoJ7fzJIGNwFWr56IgQIAAAQIECBDoeaf+3QgFAQInFFDQTwjnMQKnBP5d9Xc0CBAgQIAAAQIEekh1ew4E3JRUfQAAIABJREFUCJxcQEE/uZ0nCZwp8MZTv29FhAABAgQIECAws8AdqgfPDCA7gdMVUNBPV9DzBOpZ1deCIECAAAECBAhMLnC16ncmNxCfwGkJKOinxedhAh8W+OnqziwIECBAgAABApMLnL966+QG4hM4LQEF/bT4PEzgwwK3qn6OBQECBAgQIEBgYoE3VZ8zcX7RCWxFQEHfCqNFJhf48uqPJzcQnwABAgQIEJhbYPOtNlefm0B6AqcvoKCfvqEVCJxRvavy58ldIECAAAECBGYVeFB1x1nDy01gWwIKxbYkrTO7wP+uLjo7gvwECBAgQIDAtAK3qx46bXrBCWxJQEHfEqRlphd4cnW96RUAECBAgAABArMKfE31+7OGl5vAtgQU9G1JWmd2gR+p7jE7gvwECBAgQIDAtALnrd4+bXrBCWxJQEHfEqRlphf45urx0ysAIECAAAECBGYUeEN1wRmDy0xg2wIK+rZFrTerwKWqv5w1vNwECBAgQIDA1ALPrq45tYDwBLYkoKBvCdIy0wucrXpvdfbpJQAQIECAAAECswk8oLrzbKHlJbALAQV9F6rWnFXgz6svmTW83AQIECBAgMC0ArepHjFtesEJbFFAQd8ipqWmF3hs9S3TKwAgQIAAAQIEZhP4yuoFs4WWl8AuBBT0Xahac1aBu1c/Nmt4uQkQIECAAIFpBc5dvXPa9IIT2KKAgr5FTEtNL/AN1VOnVwBAgAABAgQIzCTw+upCMwWWlcAuBRT0XepaezaBC1evmS20vAQIECBAgMDUAs+srj21gPAEtiigoG8R01IETv1417lIECBAgAABAgQmEfjp6nsmySomgZ0LKOg7J7bBZALPrzYflOJFgAABAgQIEJhB4NurR80QVEYC+xBQ0PehbI+ZBH622nzViBcBAgQIECBAYAaBK1R/MkNQGQnsQ0BB34eyPWYSuGP1gJkCy0qAAAECBAhMLbD51b53Ty0gPIEtCijoW8S0FIHqqtVzSRAgQIAAAQIEJhB4XbX5kFwvAgS2JKCgbwnSMgROCVygejMNAgQIECBAgMAEAk+rrjNBThEJ7E1AQd8btY0mEnhj9dkT5RWVAAECBAgQmFPgvtXd5owuNYHdCCjou3G16twCz66uMTeB9AQIECBAgMAEAt9WPWaCnCIS2JuAgr43ahtNJHD/6k4T5RWVAAECBAgQmFPg8tWL5owuNYHdCCjou3G16twCt6p+bm4C6QkQIECAAIGVC3yoOmf13pXnFI/AXgUU9L1y22wSgc33gf7RJFnFJECAAAECBOYUeE110TmjS01gdwIK+u5srTyvwOa/Jr+z8udr3jsgOQECBAgQWLvAU6vrrj2kfAT2LaBA7FvcfrMIvLq6yCxh5SRAgAABAgSmE/ix6gemSy0wgR0LKOg7Brb8tAJPrq43bXrBCRAgQIAAgbUL3Lx67NpDykdg3wIK+r7F7TeLwH+vfnCWsHISIECAAAEC0wlcrnrxdKkFJrBjAQV9x8CWn1bgptUvTZtecAIECBAgQGDNAh+szqj+Yc0hZSNwCAEF/RDq9pxB4FLVX84QVEYCBAgQIEBgOoFXVRebLrXABPYgoKDvAdkWUwqcvXpPtfn/XgQIECBAgACBNQk8pbr+mgLJQmAUAQV9lJMwxxoFXlJdZo3BZCJAgAABAgSmFviR6oemFhCewI4EFPQdwVqWwKlPNv0WEgQIECBAgACBlQncrHr8yjKJQ2AIAQV9iGMwxEoFvr/60ZVmE4sAAQIECBCYV+Cy1eYnBb0IENiygIK+ZVDLEfgogW+sfp0IAQIECBAgQGBFAh+ozlH904oyiUJgGAEFfZijMMgKBS5cvWaFuUQiQIAAAQIE5hV4RXWJeeNLTmC3Agr6bn2tPrfA5s/XO6pzzc0gPQECBAgQILAigV+tvmlFeUQhMJSAgj7UcRhmhQJ/WH3FCnOJRIAAAQIECMwpcO/qXnNGl5rA7gUU9N0b22FugYdX3zE3gfQECBAgQIDAigRuUj1hRXlEITCUgII+1HEYZoUCd6wesMJcIhEgQIAAAQJzCly6eumc0aUmsHsBBX33xnaYW+Bq1XPmJpCeAAECBAgQWInA+099gvv7VpJHDALDCSjowx2JgVYmcIHqzSvLJA4BAgQIECAwp8DLqkvNGV1qAvsRUND342yXuQXeWH323ATSEyBAgAABAisQ+OXqpivIIQKBYQUU9GGPxmArEnh2dY0V5RGFAAECBAgQmFPgntUPzxldagL7EVDQ9+Nsl7kF7l/daW4C6QkQIECAAIEVCNyoetIKcohAYFgBBX3YozHYigRuVf3civKIQoAAAQIECMwpcMnq5XNGl5rAfgQU9P0422VugStUfzQ3gfQECBAgQIDAwgU2n9x+jmrzSe5eBAjsSEBB3xGsZQl8lMA5q3dW/ry5FgQIECBAgMBSBV5SXXapw5ubwFIEFIalnJQ5ly7w6uoiSw9hfgIECBAgQGBagcdV3zptesEJ7ElAQd8TtG2mF3hydb3pFQAQIECAAAECSxW4R3WfpQ5vbgJLEVDQl3JS5ly6wH+vfnDpIcxPgAABAgQITCtwg2rzFw5eBAjsUEBB3yGupQl8lMBNq18iQoAAAQIECBBYqMDFq1cudHZjE1iMgIK+mKMy6MIFLlX95cIzGJ8AAQIECBCYU+AfqzOqD8wZX2oC+xNQ0Pdnbae5Bc5evafa/H8vAgQIECBAgMCSBP6s+rIlDWxWAksVUNCXenLmXqLA5utJLrPEwc1MgAABAgQITC3wC9UtphYQnsCeBBT0PUHbhkD12OpbSBAgQIAAAQIEFibw/dWPL2xm4xJYpICCvshjM/RCBTb/4/ajC53d2AQIECBAgMC8Apuviv31eeNLTmB/Agr6/qztROAb/Y+bS0CAAAECBAgsUOALq1cvcG4jE1icgIK+uCMz8IIFLly9ZsHzG50AAQIECBCYT+C91bmqD84XXWIC+xdQ0Pdvbsd5BTZ/3t5x6n/k5lWQnAABAgQIEFiSwAurL1/SwGYlsGQBBX3Jp2f2JQr8YfUVSxzczAQIECBAgMCUAo+ubjllcqEJHEBAQT8Aui2nFnh49R1TCwhPgAABAgQILEngbtV9lzSwWQksWUBBX/LpmX2JAneq7r/Ewc1MgAABAgQITCnwDdVvTplcaAIHEFDQD4Buy6kFrl799tQCwhMgQIAAAQJLErhI9dolDWxWAksWUNCXfHpmX6LABao3L3FwMxMgQIAAAQLTCbyrOnf1oemSC0zgQAIK+oHgbTu1wJuqz5paQHgCBAgQIEBgCQJ/5MNtl3BMZlyTgIK+ptOUZSkCmx9x3/youxcBAgQIECBAYGSBR1a3GnlAsxFYm4CCvrYTlWcJApsPidt8WJwXAQIECBAgQGBkgbtW9xt5QLMRWJuAgr62E5VnCQK3rh6xhEHNSIAAAQIECEwt8PXVM6YWEJ7AngUU9D2D245AdcXqBSQIECBAgAABAoML/Pvqbwaf0XgEViWgoK/qOIVZiMA5q82nonoRIECAAAECBEYVeEd1nlGHMxeBtQoo6Gs9WblGF3h1tfleUS8CBAgQIECAwIgCz6+uNOJgZiKwZgEFfc2nK9vIAk+prjvygGYjQIAAAQIEphbYfF7ObaYWEJ7AAQQU9AOg25JAdZ/qB0gQIECAAAECBAYVuEu1+eYZLwIE9iigoO8R21YEPkrgptUvESFAgAABAgQIDCpwrepZg85mLAKrFVDQV3u0gg0ucOnqLwaf0XgECBAgQIDAvAKfW71x3viSEziMgIJ+GHe7Ejh79d7qbCgIECBAgAABAoMJvK0632AzGYfAFAIK+hTHLOSgAi+pLjPobMYiQIAAAQIE5hX4verK88aXnMDhBBT0w9nbmcDjqpthIECAAAECBAgMJvCw6raDzWQcAlMIKOhTHLOQgwpsPsV982nuXgQIECBAgACBkQTuVD1wpIHMQmAWAQV9lpOWc0SBzfegb74P3YsAAQIECBAgMJLA1avnjjSQWQjMIqCgz3LSco4ocOHqNSMOZiYCBAgQIEBgaoHPqv5uagHhCRxIQEE/ELxtCVSbP3/vrM5JgwABAgQIECAwiMBbqgsMMosxCEwnoKBPd+QCDybwguqKg81kHAIECBAgQGBegedVV503vuQEDiugoB/W3+4EHl59BwYCBAgQIECAwCACD6luP8gsxiAwnYCCPt2RCzyYwOZTUu8/2EzGIUCAAAECBOYVuEP14HnjS07gsAIK+mH97U5g8ympv42BAAECBAgQIDCIwFWq3x1kFmMQmE5AQZ/uyAUeTGDzISxvHmwm4xAgQIAAAQLzCpy/euu88SUncFgBBf2w/nYnsBF4U7X5OhMvAgQIECBAgMAhBTb/TvI5hxzA3gRmF1DQZ78B8o8gsPkR982PunsRIECAAAECBA4p8Fz/TnJIfnsT+Mj3MHsRIHBYgc2HxG0+LM6LAAECBAgQIHBIgQdVdzzkAPYmMLuAgj77DZB/BIFbV48YYRAzECBAgAABAlML3LZ62NQCwhM4sICCfuADsD2B6orVC0gQIECAAAECBA4s8NXVHxx4BtsTmFpAQZ/6+IUfROCc1bsGmcUYBAgQIECAwLwC563ePm98yQkcXkBBP/wZmIDARuDV1UVQECBAgAABAgQOJPCG6oIH2tu2BAicElDQXQUCYwg8pbruGKOYggABAgQIEJhQ4NnVNSfMLTKBoQQU9KGOwzATC9yn+oGJ84tOgAABAgQIHFbgAdWdDzuC3QkQUNDdAQJjCNy0+qUxRjEFAQIECBAgMKHAd1Q/N2FukQkMJaCgD3UchplY4NLVX0ycX3QCBAgQIEDgsAJf6VtlDnsAdiewEVDQ3QMCYwicvXpvdbYxxjEFAQIECBAgMJnAuat3TpZZXALDCSjowx2JgSYWeEl1mYnzi06AAAECBAgcRuD11YUOs7VdCRD4aAEF3X0gMI7A46qbjTOOSQgQIECAAIFJBJ5ZXXuSrGISGFpAQR/6eAw3mcDmU9w3n+buRYAAAQIECBDYp8D9qrvuc0N7ESDwiQUUdDeDwDgCm+9B33wfuhcBAgQIECBAYJ8C3149ap8b2osAAQXdHSAwusBFqlePPqT5CBAgQIAAgdUJXKH6k9WlEojAAgX8DfoCD83IqxXY/Hl8V3XGahMKRoAAAQIECIwocK7q3SMOZiYCswko6LOduLyjC7yguuLoQ5qPAAECBAgQWI3A66oLryaNIAQWLqCgL/wAjb86gUdUt15dKoEIECBAgACBUQWeVl1n1OHMRWA2AQV9thOXd3SBO1c/PfqQ5iNAgAABAgRWI/CT1X9dTRpBCCxcQEFf+AEaf3UCV69+e3WpBCJAgAABAgRGFfi26jGjDmcuArMJKOiznbi8owt8VvWm0Yc0HwECBAgQILAagctXL1pNGkEILFxAQV/4ARp/lQJvri6wymRCESBAgAABAiMJfKg6Z/XekYYyC4GZBRT0mU9f9lEFnlNdbdThzEWAAAECBAisRuA11UVXk0YQAisQUNBXcIgirE7g/tWdVpdKIAIECBAgQGA0gadW1x1tKPMQmFlAQZ/59GUfVeA7qoePOpy5CBAgQIAAgdUI/Gj1g6tJIwiBFQgo6Cs4RBFWJ/AV1R+uLpVABAgQIECAwGgCN68eO9pQ5iEws4CCPvPpyz6qwObDWt416nDmIkCAAAECBFYjcLnqxatJIwiBFQgo6Cs4RBFWKbD50JYLrzKZUAQIECBAgMAIAh+szqj+YYRhzECAwEcEFHQ3gcCYAr9efeOYo5mKAAECBAgQWIHAq6qLrSCHCARWJaCgr+o4hVmRwH2qH1hRHlEIECBAgACBsQSeXN1grJFMQ4CAgu4OEBhT4GbV48YczVQECBAgQIDACgR+pPqhFeQQgcCqBBT0VR2nMCsSuEz1khXlEYUAAQIECBAYS2DzlwGPH2sk0xAgoKC7AwTGFDh79d7qbGOOZyoCBAgQIEBg4QKX9ZcBCz9B469SQEFf5bEKtRKBv6guvZIsYhAgQIAAAQLjCHygOkf1T+OMZBICBDYCCrp7QGBcgV+qbjrueCYjQIAAAQIEFirwiuoSC53d2ARWLaCgr/p4hVu4wA9W/33hGYxPgAABAgQIjCfwxOrG441lIgIEFHR3gMC4AtetnjLueCYjQIAAAQIEFipw7+peC53d2ARWLaCgr/p4hVu4wEWqVy88g/EJECBAgACB8QRuUj1hvLFMRICAgu4OEBhXYPPn813VGeOOaDICBAgQIEBggQKbD6F96QLnNjKB1Qso6Ks/YgEXLvCC6ooLz2B8AgQIECBAYByB95/6BPf3jTOSSQgQOFNAQXcXCIwt8Ijq1mOPaDoCBAgQIEBgQQJ/WV1mQfMalcBUAgr6VMf9/9q781D907KO428yHUUb0zHDtTFJRlyLXDLUNKIFJaXSdEqtNIeKFMJCcwkXEJQaqETT0pRMLUoNK6I0XDMFd9Qyl0FTY1wzHZfJeOQYZabPds65nvN9PfBj/rnv+3vdr+v65zPnnO/jsgco8NDqtw6wbiUTIECAAAECMwWe72tcZzZGVQRWAgK6OSAwW+Cu1d/NLlF1BAgQIECAwAEJPKZ67AHVq1QCixIQ0BfVbpc9QIFrVx8+wLqVTIAAAQIECMwU+LHqz2aWpioCBAR0M0BgvsC/Vd8yv0wVEiBAgAABAgcgcNPqHQdQpxIJLFJAQF9k2136wAReWt3lwGpWLgECBAgQIDBP4HNHX9+6epO7DwECAwUE9IFNURKBrxC4uHoIFQIECBAgQIDAjgJvqm694xm2EyBwjAIC+jHiOprAngQeWD19T2c5hgABAgQIEFiuwHOrC5d7fTcnMF9AQJ/fIxUSuH31GgwECBAgQIAAgR0FHlk9YcczbCdA4BgFBPRjxHU0gT0JXK369z2d5RgCBAgQIEBguQL3rF643Ou7OYH5AgL6/B6pkMBK4D3V+SgIECBAgAABAjsI3KT65x3220qAwDELCOjHDOx4AnsSeHF19z2d5RgCBAgQIEBgeQKfqb6punx5V3djAocjIKAfTq9UumyB1d+LPWLZBG5PgAABAgQI7CDwhuq7dthvKwECJyAgoJ8AskcQ2IPAfarVm1d9CBAgQIAAAQLbCDynut82G+0hQODkBAT0k7P2JAK7CNyievMuB9hLgAABAgQILFrg4dUTFy3g8gQOQEBAP4AmKZFAdcXq09U30iBAgAABAgQIbCHwo9XqnTY+BAgMFhDQBzdHaQS+QuAt1c2pECBAgAABAgS2ELhx9e4t9tlCgMAJCgjoJ4jtUQR2FHhede8dz7CdAAECBAgQWJ7Afxy9wf2Ly7u6GxM4LAEB/bD6pdplC/x69fhlE7g9AQIECBAgsIXA66vbbLHPFgIETlhAQD9hcI8jsIPA6m/HXrjDflsJECBAgACBZQr8YfWAZV7drQkcloCAflj9+nK1V6huVJ1f3bC6VnVedc5hXkfVawqs+nzhmmstI0CAAAECBAh8WeAfq9fgOJMCn60+Ul1aXVK9t3pPdfmZvO0CLiWgH0aTr1/dtbrD0a8n3UwYP4zGqZIAAQIECBAgQIDACQusQvvbqtdVr6peVr3/hGvwuC0FBPQt4U5g2+p7r+9V3bNaBXIfAgQIECBAgAABAgQIbCPw1qM/lXxBtfpmIJ+hAgL6rMZcvbp/9cBqFdB9CBAgQIAAAQIECBAgsE+BVUB/RrV6N8En9nmws3YXENB3N9zHCdepHlY9qLraPg50BgECBAgQIECAAAECBL6GwKeqp1dPqj5IaoaAgH66fbhm9ajqourKp1uKpxMgQIAAAQIECBAgsECBy6qnHn2d7+qFcz6nKCCgnw7+6i3sv1A9tvrm0ynBUwkQIECAAAECBAgQIPDfAh+vHl09xVvgT28qBPSTt1+98O2ZR29jP/mneyIBAgQIECBAgAABAgT+f4HV299/tlq9WM7nhAUE9JMDX1k/pHqir0g7OXRPIkCAAAECBAgQIEBgY4HVV7U9vLq4+uLGu23YWkBA35puo43nVs86+sq0jTZaTIAAAQIECBAgQIAAgVMSeNHRt0x52/sJNUBAP37oG1V/WV1w/I/yBAIECBAgQIAAAQIECOxV4J3Vj1Tv3uupDvuqAgL68Q7GbauXVNc63sc4nQABAgQIECBAgAABAscmcGl1t+q1x/YEB39JQEA/vkH4vmr1KyGrX2/3IUCAAAECBAgQIECAwCELfLK6R/WyQ77E9NoF9OPp0O2rl1ZXOZ7jnUqAAAECBAgQIECAAIETF/hM9QPVq078yQt5oIC+/0bfqnq5n5zvH9aJBAgQIECAAAECBAicusDqJ+l3rt546pWcwQIE9P029XpHf5ex+q8PAQIECBAgQIAAAQIEzqLAv1a3q95/Fi93mncS0Penf071yuq793ekkwgQIECAAAECBAgQIDBS4PXVHavLRlZ3oEUJ6Ptr3O9VD9rfcU4iQIAAAQIECBAgQIDAaIHfrx44usIDK05A30/Dfrz6k/0c5RQCBAgQIECAAAECBAgcjMC9qxccTLXDCxXQd2/Qtau3V9fc/SgnECBAgAABAgQIECBA4KAEPlrdrPrQQVU9tFgBfffGPL+61+7HOIEAAQIECBAgQIAAAQIHKbD6bWKZaA+tE9B3Q/z+6m93O8JuAgQIECBAgAABAgQIHLzAD1Z/c/C3OOULCOjbN+AbqjdVN9/+CDsJECBAgAABAgQIECBwJgTeVt2quvxM3OaULiGgbw//09Wzt99uJwECBAgQIECAAAECBM6UwM9UzzpTNzrhywjo24Gvfnr+T9WNt9tuFwECBAgQIECAAAECBM6cwL9UF1RfOHM3O6ELCejbQftate3c7CJAgAABAgQIECBA4GwL+Nq1HforoG+H9+rqe7bbahcBAgQIECBAgAABAgTOrMBrqjuc2dsd88UE9M2Bb1G9efNtdhAgQIAAAQIECBAgQGARAres3rKIm+75kgL65qBPrn5l8212ECBAgAABAgQIECBAYBECvykzbddnAX0zt5XX+6obbLbNagIECBAgQIAAAQIECCxG4IPV9av/XMyN93RRAX0zyNtWr91si9UECBAgQIAAAQIECBBYnMDq79BXf4/us4GAgL4BVvUb1WM222I1AQIECBAgQIAAAQIEFifwuOrRi7v1jhcW0DcDfGX1vZttsZoAAQIECBAgQIAAAQKLE/gH33y1ec8F9PXNrlx9vDpn/S1WEiBAgAABAgQIECBAYJECn6/OrS5b5O23vLSAvj7c7arV/wXyIUCAAAECBAgQIECAAIGvL7D67eNXf/1lVnxZQEBffxZ+vnra+sutJECAAAECBAgQIECAwKIFLpKhNuu/gL6+18XVQ9ZfbiUBAgQIECBAgAABAgQWLfDb1S8vWmDDywvo64O9uLr7+sutJECAAAECBAgQIECAwKIFXlLdbdECG15eQF8f7A3VrddfbiUBAgQIECBAgAABAgQWLfCW6paLFtjw8gL6+mAfqK67/nIrCRAgQIAAAQIECBAgsGiBD1XXWbTAhpcX0NcHW309gK9YW9/LSgIECBAgQIAAAQIEli2w+qq1Ky2bYLPbC+jre31x/aVWEiBAgAABAgQIECBAgEAlc24wBrDWxxLQ17eykgABAgQIECBAgAABAisBmXODOYC1PpaAvr6VlQQIECBAgAABAgQIEBDQN5wBAX19MAF9fSsrCRAgQIAAAQIECBAgIKBvOAMC+vpgl1bnrb/cSgIECBAgQIAAAQIECCxa4OPVNRYtsOHlBfT1wd5Z3WT95VYSIECAAAECBAgQIEBg0QLvqr5j0QIbXl5AXx/s76s7r7/cSgIECBAgQIAAAQIECCxa4BXVnRYtsOHlBfT1wZ5V3X/95VYSIECAAAECBAgQIEBg0QLPqe63aIENLy+grw/2iOoJ6y+3kgABAgQIECBAgAABAosWeHT1uEULbHh5AX19sLtVf7H+cisJECBAgAABAgQIECCwaIF7VC9atMCGlxfQ1we7bvWB9ZdbSYAAAQIECBAgQIAAgUUL3KB6/6IFNry8gL4Z2Huq8zfbYjUBAgQIECBAgAABAgQWJ3BJ9W2Lu/WOFxbQNwN8ZvWAzbZYTYAAAQIECBAgQIAAgcUJeEHcFi0X0DdDu3f1vM22WE2AAAECBAgQIECAAIHFCdy3+uPF3XrHCwvomwFeo/pwdcXNtllNgAABAgQIECBAgACBxQh8ofrW6qOLufGeLiqgbw65epP76o3uPgQIECBAgAABAgQIECDwfwX+uvphMJsLCOibm92neu7m2+wgQIAAAQIECBAgQIDAIgQulJm267OAvrnbOUdft3be5lvtIECAAAECBAgQIECAwJkW+Fi1+orqy870LY/pcgL6drBPrH5tu612ESBAgAABAgQIECBA4MwKPLl62Jm93TFfTEDfDnj1f4Te62Vx2+HZRYAAAQIECBAgQIDAmRT4fHWjo984PpMXPO5LCejbCz+1evD22+0kQIAAAQIECBAgQIDAmRJ4WnXRmbrRCV9GQN8e/HrVu6orb3+EnQQIECBAgAABAgQIEDgTAp+tblJdciZuc0qXENB3g39C9YjdjrCbAAECBAgQIECAAAECBy+wek/Xww/+Fqd8AQF9twZctXpntfppug8BAgQIECBAgAABAgSWKPCB6oLqU0u8/D7vLKDvrnn36sW7H+MEAgQIECBAgAABAgQIHKTAPaoXHWTlw4oW0PfTkOdUP7Wfo5xCgAABAgQIECBAgACBgxF4bnXhwVQ7vFABfT8NOrd649FXCuznRKcQIECAAAECBAgQIEBgtsD7qltVn5hd5uFUJ6Dvr1e3qV5RnbO/I51EgAABAgQIECBAgACBkQKrt7bfsXrdyOoOtCgBfb+Nu3/1rP38FRZLAAATrklEQVQe6TQCBAgQIECAAAECBAiME/i56g/GVXXgBQno+2/gY6tH7f9YJxIgQIAAAQIECBAgQGCEwOrrph85opIzVoSAvv+GrkyfUl20/6OdSIAAAQIECBAgQIAAgVMVeHr14OqLp1rFGX24gH48jb1C9ezqvsdzvFMJECBAgAABAgQIECBw4gKrN7bfr7r8xJ+8kAcK6MfXaD9JPz5bJxMgQIAAAQIECBAgcLICT61+STg/XnQB/fh9V3+bsfq7dB8CBAgQIECAAAECBAgcosCjq8f7tfbjb52AfvzGqyf8ZPWM6qon8zhPIUCAAAECBAgQIECAwM4Cn65Wb2t/3s4nOWAtAQF9Laa9LLpZ9afVBXs5zSEECBAgQIAAAQIECBA4PoF3VD9RvfX4HuHkrxQQ0E92Jq5SPan6xZN9rKcRIECAAAECBAgQIEBgbYHfrX61Wv0E3ecEBQT0E8T+H4+6U/U0P00/HXxPJUCAAAECBAgQIEDgqwqsfmq++gq1l/M5HQEB/XTcV0+90tFP0lcvXPjm0yvDkwkQIECAAAECBAgQWLjAJ45ebP071ecWbnGq1xfQT5X/Sw9fhfOHHv27+umXowICBAgQIECAAAECBBYisArmFx/9+/hC7jz6mgL6nPacWz3w6Kfq3z6nLJUQIECAAAECBAgQIHDGBN5drf7OfPVNU588Y3c76OsI6PPat+rJXaoLq3tW15hXoooIECBAgAABAgQIEDgwgY9Vf179UfUy32k+s3sC+sy+fLmqK1Z3rn6oumt1y+oKs0tWHQECBAgQIECAAAECAwQur950FMb/6ujFb58fUJcSvoaAgH5Y43G16juPgvpNq/OrG1bXqs47evHcYd1ItQQIECBAgAABAgQIbCuweqHbR6pLq0uq91Zvr95cvaH61LYH23c6AgL66bh7KgECBAgQIECAAAECBAgQ+F8CArqBIECAAAECBAgQIECAAAECAwQE9AFNUAIBAgQIECBAgAABAgQIEBDQzQABAgQIECBAgAABAgQIEBggIKAPaIISCBAgQIAAAQIECBAgQICAgG4GCBAgQIAAAQIECBAgQIDAAAEBfUATlECAAAECBAgQIECAAAECBAR0M0CAAAECBAgQIECAAAECBAYICOgDmqAEAgQIECBAgAABAgQIECAgoJsBAgQIECBAgAABAgQIECAwQEBAH9AEJRAgQIAAAQIECBAgQIAAAQHdDBAgQIAAAQIECBAgQIAAgQECAvqAJiiBAAECBAgQIECAAAECBAgI6GaAAAECBAgQIECAAAECBAgMEBDQBzRBCQQIECBAgAABAgQIECBAQEA3AwQIECBAgAABAgQIECBAYICAgD6gCUogQIAAAQIECBAgQIAAAQICuhkgQIAAAQIECBAgQIAAAQIDBAT0AU1QAgECBAgQIECAAAECBAgQENDNAAECBAgQIECAAAECBAgQGCAgoA9oghIIECBAgAABAgQIECBAgICAbgYIECBAgAABAgQIECBAgMAAAQF9QBOUQIAAAQIECBAgQIAAAQIEBHQzQIAAAQIECBAgQIAAAQIEBggI6AOaoAQCBAgQIECAAAECBAgQICCgmwECBAgQIECAAAECBAgQIDBAQEAf0AQlECBAgAABAgQIECBAgAABAd0MECBAgAABAgQIECBAgACBAQIC+oAmKIEAAQIECBAgQIAAAQIECAjoZoAAAQIECBAgQIAAAQIECAwQENAHNEEJBAgQIECAAAECBAgQIEBAQDcDBAgQIECAAAECBAgQIEBggICAPqAJSiBAgAABAgQIECBAgAABAgK6GSBAgAABAgQIECBAgAABAgMEBPQBTVACAQIECBAgQIAAAQIECBAQ0M0AAQIECBAgQIAAAQIECBAYICCgD2iCEggQIECAAAECBAgQIECAgIBuBggQIECAAAECBAgQIECAwAABAX1AE5RAgAABAgQIECBAgAABAgQEdDNAgAABAgQIECBAgAABAgQGCAjoA5qgBAIECBAgQIAAAQIECBAgIKCbAQIECBAgQIAAAQIECBAgMEBAQB/QBCUQIECAAAECBAgQIECAAAEB3QwQIECAAAECBAgQIECAAIEBAgL6gCYogQABAgQIECBAgAABAgQICOhmgAABAgQIECBAgAABAgQIDBAQ0Ac0QQkECBAgQIAAAQIECBAgQEBANwMECBAgQIAAAQIECBAgQGCAgIA+oAlKIECAAAECBAgQIECAAAECAroZIECAAAECBAgQIECAAAECAwQE9AFNUAIBAgQIECBAgAABAgQIEBDQzQABAgQIECBAgAABAgQIEBggIKAPaIISCBAgQIAAAQIECBAgQICAgG4GCBAgQIAAAQIECBAgQIDAAAEBfUATlECAAAECBAgQIECAAAECBAR0M0CAAAECBAgQIECAAAECBAYICOgDmqAEAgQIECBAgAABAgQIECAgoJsBAgQIECBAgAABAgQIECAwQEBAH9AEJRAgQIAAAQIECBAgQIAAAQHdDBAgQIAAAQIECBAgQIAAgQECAvqAJiiBAAECBAgQIECAAAECBAgI6GaAAAECBAgQIECAAAECBAgMEBDQBzRBCQQIECBAgAABAgQIECBAQEA3AwQIECBAgAABAgQIECBAYICAgD6gCUogQIAAAQIECBAgQIAAAQICuhkgQIAAAQIECBAgQIAAAQIDBAT0AU1QAgECBAgQIECAAAECBAgQENDNAAECBAgQIECAAAECBAgQGCAgoA9oghIIECBAgAABAgQIECBAgICAbgYIECBAgAABAgQIECBAgMAAAQF9QBOUQIAAAQIECBAgQIAAAQIEBHQzQIAAAQIECBAgQIAAAQIEBggI6AOaoAQCBAgQIECAAAECBAgQICCgmwECBAgQIECAAAECBAgQIDBAQEAf0AQlECBAgAABAgQIECBAgAABAd0MECBAgAABAgQIECBAgACBAQIC+oAmKIEAAQIECBAgQIAAAQIECAjoZoAAAQIECBAgQIAAAQIECAwQENAHNEEJBAgQIECAAAECBAgQIEBAQDcDBAgQIECAAAECBAgQIEBggICAPqAJSiBAgAABAgQIECBAgAABAgK6GSBAgAABAgQIECBAgAABAgMEBPQBTVACAQIECBAgQIAAAQIECBAQ0M0AAQIECBAgQIAAAQIECBAYICCgD2iCEggQIECAAAECBAgQIECAgIBuBggQIECAAAECBAgQIECAwAABAX1AE5RAgAABAgQIECBAgAABAgQEdDNAgAABAgQIECBAgAABAgQGCAjoA5qgBAIECBAgQIAAAQIECBAgIKCbAQIECBAgQIAAAQIECBAgMEBAQB/QBCUQIECAAAECBAgQIECAAAEB3QwQIECAAAECBAgQIECAAIEBAgL6gCYogQABAgQIECBAgAABAgQICOhmgAABAgQIECBAgAABAgQIDBAQ0Ac0QQkECBAgQIAAAQIECBAgQEBANwMECBAgQIAAAQIECBAgQGCAgIA+oAlKIECAAAECBAgQIECAAAECAroZIECAAAECBAgQIECAAAECAwQE9AFNUAIBAgQIECBAgAABAgQIEBDQzQABAgQIECBAgAABAgQIEBggIKAPaIISCBAgQIAAAQIECBAgQICAgG4GCBAgQIAAAQIECBAgQIDAAAEBfUATlECAAAECBAgQIECAAAECBAR0M0CAAAECBAgQIECAAAECBAYICOgDmqAEAgQIECBAgAABAgQIECAgoJsBAgQIECBAgAABAgQIECAwQEBAH9AEJRAgQIAAAQIECBAgQIAAAQHdDBAgQIAAAQIECBAgQIAAgQECAvqAJiiBAAECBAgQIECAAAECBAgI6GaAAAECBAgQIECAAAECBAgMEBDQBzRBCQQIECBAgAABAgQIECBAQEA3AwQIECBAgAABAgQIECBAYICAgD6gCUogQIAAAQIECBAgQIAAAQICuhkgQIAAAQIECBAgQIAAAQIDBAT0AU1QAgECBAgQIECAAAECBAgQENDNAAECBAgQIECAAAECBAgQGCAgoA9oghIIECBAgAABAgQIECBAgICAbgYIECBAgAABAgQIECBAgMAAAQF9QBOUQIAAAQIECBAgQIAAAQIEBHQzQIAAAQIECBAgQIAAAQIEBggI6AOaoAQCBAgQIECAAAECBAgQICCgmwECBAgQIECAAAECBAgQIDBAQEAf0AQlECBAgAABAgQIECBAgAABAd0MECBAgAABAgQIECBAgACBAQIC+oAmKIEAAQIECBAgQIAAAQIECAjoZoAAAQIECBAgQIAAAQIECAwQENAHNEEJBAgQIECAAAECBAgQIEBAQDcDBAgQIECAAAECBAgQIEBggICAPqAJSiBAgAABAgQIECBAgAABAgK6GSBAgAABAgQIECBAgAABAgMEBPQBTVACAQIECBAgQIAAAQIECBAQ0M0AAQIECBAgQIAAAQIECBAYICCgD2iCEggQIECAAAECBAgQIECAgIBuBggQIECAAAECBAgQIECAwAABAX1AE5RAgAABAgQIECBAgAABAgQEdDNAgAABAgQIECBAgAABAgQGCAjoA5qgBAIECBAgQIAAAQIECBAgIKCbAQIECBAgQIAAAQIECBAgMEBAQB/QBCUQIECAAAECBAgQIECAAAEB3QwQIECAAAECBAgQIECAAIEBAgL6gCYogQABAgQIECBAgAABAgQICOhmgAABAgQIECBAgAABAgQIDBAQ0Ac0QQkECBAgQIAAAQIECBAgQEBANwMECBAgQIAAAQIECBAgQGCAgIA+oAlKIECAAAECBAgQIECAAAECAroZIECAAAECBAgQIECAAAECAwQE9AFNUAIBAgQIECBAgAABAgQIEBDQzQABAgQIECBAgAABAgQIEBggIKAPaIISCBAgQIAAAQIECBAgQICAgG4GCBAgQIAAAQIECBAgQIDAAAEBfUATlECAAAECBAgQIECAAAECBAR0M0CAAAECBAgQIECAAAECBAYICOgDmqAEAgQIECBAgAABAgQIECAgoJsBAgQIECBAgAABAgQIECAwQEBAH9AEJRAgQIAAAQIECBAgQIAAAQHdDBAgQIAAAQIECBAgQIAAgQECAvqAJiiBAAECBAgQIECAAAECBAgI6GaAAAECBAgQIECAAAECBAgMEBDQBzRBCQQIECBAgAABAgQIECBAQEA3AwQIECBAgAABAgQIECBAYICAgD6gCUogQIAAAQIECBAgQIAAAQICuhkgQIAAAQIECBAgQIAAAQIDBAT0AU1QAgECBAgQIECAAAECBAgQENDNAAECBAgQIECAAAECBAgQGCAgoA9oghIIECBAgAABAgQIECBAgICAbgYIECBAgAABAgQIECBAgMAAAQF9QBOUQIAAAQIECBAgQIAAAQIEBHQzQIAAAQIECBAgQIAAAQIEBggI6AOaoAQCBAgQIECAAAECBAgQICCgmwECBAgQIECAAAECBAgQIDBAQEAf0AQlECBAgAABAgQIECBAgAABAd0MECBAgAABAgQIECBAgACBAQIC+oAmKIEAAQIECBAgQIAAAQIECAjoZoAAAQIECBAgQIAAAQIECAwQENAHNEEJBAgQIECAAAECBAgQIEBAQDcDBAgQIECAAAECBAgQIEBggICAPqAJSiBAgAABAgQIECBAgAABAgK6GSBAgAABAgQIECBAgAABAgMEBPQBTVACAQIECBAgQIAAAQIECBAQ0M0AAQIECBAgQIAAAQIECBAYICCgD2iCEggQIECAAAECBAgQIECAgIBuBggQIECAAAECBAgQIECAwAABAX1AE5RAgAABAgQIECBAgAABAgQEdDNAgAABAgQIECBAgAABAgQGCAjoA5qgBAIECBAgQIAAAQIECBAgIKCbAQIECBAgQIAAAQIECBAgMEBAQB/QBCUQIECAAAECBAgQIECAAAEB3QwQIECAAAECBAgQIECAAIEBAgL6gCYogQABAgQIECBAgAABAgQICOhmgAABAgQIECBAgAABAgQIDBAQ0Ac0QQkECBAgQIAAAQIECBAgQEBANwMECBAgQIAAAQIECBAgQGCAgIA+oAlKIECAAAECBAgQIECAAAECAroZIECAAAECBAgQIECAAAECAwQE9AFNUAIBAgQIECBAgAABAgQIEBDQzQABAgQIECBAgAABAgQIEBggIKAPaIISCBAgQIAAAQIECBAgQICAgG4GCBAgQIAAAQIECBAgQIDAAAEBfUATlECAAAECBAgQIECAAAECBAR0M0CAAAECBAgQIECAAAECBAYICOgDmqAEAgQIECBAgAABAgQIECAgoJsBAgQIECBAgAABAgQIECAwQEBAH9AEJRAgQIAAAQIECBAgQIAAAQHdDBAgQIAAAQIECBAgQIAAgQECAvqAJiiBAAECBAgQIECAAAECBAgI6GaAAAECBAgQIECAAAECBAgMEBDQBzRBCQQIECBAgAABAgQIECBAQEA3AwQIECBAgAABAgQIECBAYICAgD6gCUogQIAAAQIECBAgQIAAAQICuhkgQIAAAQIECBAgQIAAAQIDBAT0AU1QAgECBAgQIECAAAECBAgQENDNAAECBAgQIECAAAECBAgQGCAgoA9oghIIECBAgAABAgQIECBAgICAbgYIECBAgAABAgQIECBAgMAAAQF9QBOUQIAAAQIECBAgQIAAAQIE/gsl1wU0zRn4FAAAAABJRU5ErkJggg==","filters":[],"crossOrigin":"","alignX":"none","alignY":"none","meetOrSlice":"meet"}],"background":""},"back":[]}', 0, 0, '', '', 0),
(72, 'dsfds', 'anhtuan.ssp@gmail.com', '321321322', '			    	\n			    		', 'dsfds', '\n			    ', '321321322', '', '', '', '/uploads/ordersassets/order-1432662858back.png', '/packages/anahkiasen/illuminage/cd3d442874bfd90fd78706271657b353.png', 1, 0, 16, 0, 0, 1, '', '', 'Nhận hàng chuyển tiền', '/packages/anahkiasen/illuminage/cd3d442874bfd90fd78706271657b353.png', 1, NULL, '2015-05-26 10:54:17', '2015-05-26 10:54:18', 0, 1, '/uploads/ordersassets/order-1432662858.png', '/packages/anahkiasen/illuminage/1dbc45b50b449997c35185014f7bf7c8.png', '', 0, 0, '', '', 0),
(74, 'ZSSX', 'AB@gami.vo', '434355455', '			    	\n			    		', 'ZSSX', '\n			    ', '434355455', '', '', '', '/uploads/ordersassets/order-1432663484back.png', '/packages/anahkiasen/illuminage/3057427d1d2b5e1f1c3b1ea6bd2dd9e9.png', 1, 0, 16, 0, 0, 1, '', '', 'Nhận hàng chuyển tiền', '/packages/anahkiasen/illuminage/3057427d1d2b5e1f1c3b1ea6bd2dd9e9.png', 1, NULL, '2015-05-26 11:04:44', '2015-05-26 11:04:44', 0, 1, '/uploads/ordersassets/order-1432663484.png', '/packages/anahkiasen/illuminage/37e17723e3a398677357af01f8226021.png', '/uploads/orderjson/OrderID-74-1432663484.json', 0, 0, '', '', 0),
(75, 'Tuan ', 'anhtuan@fcom.vn', '223432432', '			    	\n			    		', 'Tuan ', '\n			    ', '223432432', '', '', '', '/uploads/ordersassets/order-1432733275back.png', '/packages/anahkiasen/illuminage/66941366b9a9923e840d4cdcefac8b8d.png', 1, 0, 12, 0, 0, 1, '', '', 'Nhận hàng chuyển tiền', '/packages/anahkiasen/illuminage/66941366b9a9923e840d4cdcefac8b8d.png', 1, NULL, '2015-05-27 06:27:55', '2015-05-27 06:27:55', 0, 0, '', '', '/uploads/orderjson/OrderID-75-1432733275.json', 0, 0, '', '', 0),
(76, 'dsada', 'anhtuan@f.om', '234234324', '			    	\n			    		', 'dsada', '\n			    ', '234234324', '', '', '', '/uploads/ordersassets/order-1432733952back.png', '/packages/anahkiasen/illuminage/1eec6a067c4cdb67f420e30de02306a2.png', 1, 0, 12, 0, 0, 0, '', '', 'Nhận hàng chuyển tiền', '/packages/anahkiasen/illuminage/1eec6a067c4cdb67f420e30de02306a2.png', 1, NULL, '2015-05-27 06:39:12', '2015-05-27 06:39:12', 0, 0, '', '', '', 0, 0, '', '', 0),
(77, 'Tuấn Trương', 'anht@gm.soc', '094324324', '			    	\r\n			    		', 'Tuấn Trương', '			    ', '094324324', '', '', '', '/uploads/ordersassets/order-1432785829back.png', '/packages/anahkiasen/illuminage/5c6e22b108a2d1006daff875ae47905e.png', 1, 0, 15, 0, 0, 1, '', '', 'Nhận hàng chuyển tiền', '/packages/anahkiasen/illuminage/5c6e22b108a2d1006daff875ae47905e.png', 1, NULL, '2015-05-27 21:03:48', '2015-05-29 05:43:47', 0, 0, '', '', '/uploads/orderjson/OrderID-77-1432785829.json', 1, 0, '', '', 0),
(78, 'dfdfds', 'a@g.co', '093232323', '			    	\r\n			    		', 'dfdfds', '			    ', '093232323', '', '', '', '/uploads/ordersassets/order-1432786150back.png', '/packages/anahkiasen/illuminage/0c9ee317acb77f96278efc37c557b5bd.png', 1, 0, 16, 0, 0, 1, '', '', 'Nhận hàng chuyển tiền', '/packages/anahkiasen/illuminage/0c9ee317acb77f96278efc37c557b5bd.png', 1, NULL, '2015-05-27 21:09:09', '2015-05-29 05:43:23', 0, 1, '/uploads/ordersassets/order-1432786150.png', '/packages/anahkiasen/illuminage/ce0a7fb4cfdd563a8f528ecb2655f092.png', '/uploads/orderjson/OrderID-78-1432786150.json', 1, 0, '', '', 0),
(79, 'dsfsd', 'fsdf@g.com', '324234234', 'dsa', 'dsfsd', '			    ', '324234234', '', '', '', '/uploads/ordersassets/order-1432786480back.png', '/packages/anahkiasen/illuminage/12e1f07fa1721b1d40e256d405aa3179.png', 1, 0, 16, 0, 0, 1, '', '', 'Nhận hàng chuyển tiền', '/packages/anahkiasen/illuminage/12e1f07fa1721b1d40e256d405aa3179.png', 1, NULL, '2015-05-27 21:14:39', '2015-05-29 05:43:03', 0, 1, '/uploads/ordersassets/order-1432786480.png', '/packages/anahkiasen/illuminage/ad24e0ef71f1a2b0ae4b3e26d59f3e76.png', '/uploads/orderjson/OrderID-79-1432786480.json', 1, 0, '', '', 0),
(80, 'asads', 'a@g.com', '3123123213', '			    	\n			    		', 'asads', '\n			    ', '3123123213', '', '', '', '/uploads/ordersassets/order-1433050198back.png', '/packages/anahkiasen/illuminage/ff28fdbfd20ae1d11c1598fab4817cad.png', 1, 0, 15, 0, 0, 0, '', '', 'Nhận hàng chuyển tiền', '/packages/anahkiasen/illuminage/ff28fdbfd20ae1d11c1598fab4817cad.png', 1, NULL, '2015-05-30 22:29:57', '2015-05-30 22:29:59', 0, 1, '/uploads/ordersassets/order-1433050198.png', '/packages/anahkiasen/illuminage/17612d77e5421bb698ad20a5b7819563.png', '', 0, 1, '/uploads/ordersassets/', '/packages/anahkiasen/illuminage/5938776bcb9d6147989ca10697172c7e.png', 0),
(81, 'ghghgg', 'anh@v.com', '766757577', '			    	\n			    		', 'ghghgg', '\n			    ', '766757577', '', '', '', '/uploads/ordersassets/order-1433051017back.png', '/packages/anahkiasen/illuminage/631243afd4c3610ad1bc790e8dadc373.png', 1, 0, 15, 0, 0, 0, '', '', 'Nhận hàng chuyển tiền', '/packages/anahkiasen/illuminage/631243afd4c3610ad1bc790e8dadc373.png', 1, NULL, '2015-05-30 22:43:37', '2015-05-30 22:43:37', 0, 1, '/uploads/ordersassets/order-1433051017.png', '/packages/anahkiasen/illuminage/3cb96ec8aca0c35c86586d2e3ca59b11.png', '', 0, 1, '/uploads/ordersassets/', '/packages/anahkiasen/illuminage/6c37c17863e45dc10ba577f1b77ca26f.png', 0),
(84, 'đấ', 'A2@f.com', '3232323233', '			    	\n			    		', 'đấ', '\n			    ', '3232323233', '', '', '', '/uploads/ordersassets/order-1433051711back.png', '/packages/anahkiasen/illuminage/a37923464d462bff593d0011a1c604ba.png', 1, 0, 15, 0, 0, 0, '', '', 'Nhận hàng chuyển tiền', '/packages/anahkiasen/illuminage/a37923464d462bff593d0011a1c604ba.png', 1, NULL, '2015-05-30 22:55:11', '2015-05-30 22:55:11', 0, 1, '/uploads/ordersassets/order-1433051711.png', '/packages/anahkiasen/illuminage/8a5f9e2e1b5fcd7c6df5006a27fd4b52.png', '', 0, 1, '/uploads/ordersassets/orderLayerCircle-1433051711.png', '/packages/anahkiasen/illuminage/402dcf28a316cc7c2175c5ad485cb8c5.png', 0),
(87, 'DSADASD', 'A@G.COM', '232323233', '			    	\n			    		', 'DSADASD', '\n			    ', '232323233', '', '', '', '', '/packages/anahkiasen/illuminage/63d1ece3370ae39847f63c4c0bd7c3e4.png', 1, 0, 15, 0, 0, 0, '', '', 'Nhận hàng chuyển tiền', '/packages/anahkiasen/illuminage/63d1ece3370ae39847f63c4c0bd7c3e4.png', 1, NULL, '2015-05-30 23:00:57', '2015-05-30 23:00:57', 0, 1, '', '', '', 0, 1, '/uploads/ordersassets/orderLayerCircle-1433052057.png', '/packages/anahkiasen/illuminage/63d1ece3370ae39847f63c4c0bd7c3e4.png', 0),
(89, 'dáda', 'a@fa.com', '232323323', '			    	\r\n			    		', 'dáda', '			    ', '232323323', '', '', '', '', '/packages/anahkiasen/illuminage/cb17b6346d622e7f0cec24f4d0d53a57.png', 1, 0, 15, 0, 0, 1, '', '', 'Nhận hàng chuyển tiền', '/packages/anahkiasen/illuminage/cb17b6346d622e7f0cec24f4d0d53a57.png', 1, NULL, '2015-05-30 23:16:26', '2015-05-30 23:16:41', 0, 1, '', '', '/uploads/orderjson/OrderID-89-1433052986.json', 1, 1, '/uploads/ordersassets/orderLayerCircle-1433052986.png', '/packages/anahkiasen/illuminage/cb17b6346d622e7f0cec24f4d0d53a57.png', 0),
(90, 'fdsfds', 'anhtuan.sp@gmai.c', '243243244', '			    	\r\n			    		', 'fdsfds', '			    ', '243243244', '', '', '', '/uploads/ordersassets/order-1435587202back.png', '/packages/anahkiasen/illuminage/4b5b3eddb5345c1b35d520456b911191.png', 1, 0, 15, 0, 0, 1, '', '', 'Nhận hàng chuyển tiền', '/packages/anahkiasen/illuminage/4b5b3eddb5345c1b35d520456b911191.png', 1, NULL, '2015-06-29 07:13:20', '2015-06-29 07:24:33', 0, 1, '/uploads/ordersassets/order-1435587202.png', '/packages/anahkiasen/illuminage/90e5a1325ab540f4d1bbef3db6953a4a.png', '', 0, 1, '', '', 0),
(91, 'sdfsdfsd', 'sdfds@dsfds.fdq', '232324345', '			    	\n			    		', 'sdfsdfsd', '\n			    ', '232324345', '', '', '', '/uploads/ordersassets/order-1439825559back.png', '/packages/anahkiasen/illuminage/c980a2247426a5a28874f3b7a2576007.png', 1, 0, 16, 0, 0, 0, '', '', 'Nhận hàng chuyển tiền', '/packages/anahkiasen/illuminage/c980a2247426a5a28874f3b7a2576007.png', 1, NULL, '2015-08-17 08:32:37', '2015-08-17 08:32:39', 0, 1, '/uploads/ordersassets/order-1439825559.png', '/packages/anahkiasen/illuminage/78b6dba3df1ad8819534d0320dc06fbf.png', '', 0, 1, '', '', 0);
INSERT INTO `de_orders` (`id`, `tenkhachhang`, `email`, `phone`, `orderNote`, `tennguoinhan`, `diachinguoinhan`, `phone_nguoinhan`, `bank_account`, `bank_name`, `noidung_bank`, `hinhdein`, `hinhminhhoa`, `isCase`, `isSkin`, `id_product`, `id_order`, `hang_dat_lai`, `is_sharing`, `list_asset_imgs`, `list_facebook_imgs`, `phuongthucthanhtoan`, `thumb`, `soluong`, `deleted_at`, `created_at`, `updated_at`, `status`, `hasBack`, `hinhdein_back`, `hinhminhhoa_back`, `user_json`, `status_sharing`, `hasLayerCircle`, `hinhdein_layerBack`, `hinhminhhoa_layerBack`, `id_user`) VALUES
(92, 'sdfdsf', 'fsdfds@fasa.com', '423423432', '			    	\r\n			    		', 'sdfdsf', '			    ', '423423432', '', '', '', '/uploads/ordersassets/order-1440260436back.png', '/packages/anahkiasen/illuminage/dcdc5d089724694cd54cd4f8cb8578ff.png', 1, 0, 16, 0, 0, 1, '', '', 'Nhận hàng chuyển tiền', '/packages/anahkiasen/illuminage/dcdc5d089724694cd54cd4f8cb8578ff.png', 1, NULL, '2015-08-22 09:20:34', '2015-08-22 09:24:32', 0, 1, '/uploads/ordersassets/order-1440260436.png', '/packages/anahkiasen/illuminage/28db4b72aea364db9fab3c9be93b2499.png', '/uploads/orderjson/OrderID-92-1440260436.json', 1, 1, '', '', 0),
(93, 'Tuan Truong', 'anhtuan.ssp@gmail.com', '432432443', '			    	\n			    		', 'Tuan Truong', '\n			    ', '432432443', '', '', '', '/uploads/ordersassets/order-1443932080back.png', '/packages/anahkiasen/illuminage/adeb420f1e05802e8f38e9e5770692f8.png', 1, 0, 16, 0, 0, 0, '', '', 'Nhận hàng chuyển tiền', '/packages/anahkiasen/illuminage/adeb420f1e05802e8f38e9e5770692f8.png', 12, NULL, '2015-10-03 21:14:39', '2015-10-03 21:14:40', 0, 1, '/uploads/ordersassets/order-1443932080.png', '/packages/anahkiasen/illuminage/e468335648bc9f7f6203e2183dd555ec.png', '', 0, 1, '', '', 0),
(94, 'fdsfds', 'fsdf@ffdsf.ocm', '434324334', '			    	\n			    		', 'Tdgdfg', '\n			    ', '545435345', '', '', '', '/uploads/ordersassets/order-1443932386back.png', '/packages/anahkiasen/illuminage/95c3898db4c6c7780cd06259942e90e0.png', 1, 0, 16, 0, 0, 0, '', '', 'Nhận hàng chuyển tiền', '/packages/anahkiasen/illuminage/95c3898db4c6c7780cd06259942e90e0.png', 1, NULL, '2015-10-03 21:19:46', '2015-10-03 21:19:46', 0, 1, '/uploads/ordersassets/order-1443932386.png', '/packages/anahkiasen/illuminage/259b40551296b992b7a06f769d070d04.png', '', 0, 1, '', '', 0);

-- --------------------------------------------------------

--
-- Table structure for table `de_product`
--

CREATE TABLE IF NOT EXISTS `de_product` (
  `id` int(10) unsigned NOT NULL AUTO_INCREMENT,
  `hienthi` tinyint(4) NOT NULL,
  `is_new` tinyint(4) NOT NULL,
  `is_variant` tinyint(4) NOT NULL,
  `is_stock` tinyint(4) NOT NULL,
  `price` float(8,2) NOT NULL,
  `noibat` tinyint(4) NOT NULL,
  `thietke` tinyint(4) NOT NULL,
  `luotxem` int(11) NOT NULL,
  `solandathang` int(11) NOT NULL,
  `ten_vi` varchar(255) COLLATE utf8_unicode_ci NOT NULL,
  `ten_en` varchar(255) COLLATE utf8_unicode_ci NOT NULL,
  `slug_vi` varchar(255) COLLATE utf8_unicode_ci NOT NULL,
  `slug_en` varchar(255) COLLATE utf8_unicode_ci NOT NULL,
  `noidung_vi` text COLLATE utf8_unicode_ci NOT NULL,
  `noidung_en` text COLLATE utf8_unicode_ci NOT NULL,
  `thongso_vi` text COLLATE utf8_unicode_ci NOT NULL,
  `thongso_en` text COLLATE utf8_unicode_ci NOT NULL,
  `photo` varchar(255) COLLATE utf8_unicode_ci NOT NULL,
  `thumb` varchar(255) COLLATE utf8_unicode_ci NOT NULL,
  `xuatxu` varchar(100) COLLATE utf8_unicode_ci NOT NULL,
  `baohanh` varchar(100) COLLATE utf8_unicode_ci NOT NULL,
  `deleted_at` timestamp NULL DEFAULT NULL,
  `created_at` timestamp NOT NULL DEFAULT '0000-00-00 00:00:00',
  `updated_at` timestamp NOT NULL DEFAULT '0000-00-00 00:00:00',
  `title_seo_vi` varchar(255) COLLATE utf8_unicode_ci NOT NULL,
  `title_seo_en` varchar(255) COLLATE utf8_unicode_ci NOT NULL,
  `desc_seo_vi` varchar(255) COLLATE utf8_unicode_ci NOT NULL,
  `desc_seo_en` varchar(255) COLLATE utf8_unicode_ci NOT NULL,
  `keyword_seo_vi` varchar(255) COLLATE utf8_unicode_ci NOT NULL,
  `keyword_seo_en` varchar(255) COLLATE utf8_unicode_ci NOT NULL,
  `photo_mask` varchar(255) COLLATE utf8_unicode_ci NOT NULL,
  `isDesign` tinyint(4) NOT NULL,
  `isCase` tinyint(4) NOT NULL,
  `isSkin` tinyint(4) NOT NULL,
  `isDisplayHome` tinyint(4) NOT NULL,
  `isBack` tinyint(4) NOT NULL,
  `photo_back` varchar(255) COLLATE utf8_unicode_ci NOT NULL,
  `photo_back_mask` varchar(255) COLLATE utf8_unicode_ci NOT NULL,
  `isCircleLayer` tinyint(4) NOT NULL,
  `photo_circle` varchar(255) COLLATE utf8_unicode_ci NOT NULL,
  `photo_circle_mask` varchar(255) COLLATE utf8_unicode_ci NOT NULL,
  PRIMARY KEY (`id`)
) ENGINE=InnoDB  DEFAULT CHARSET=utf8 COLLATE=utf8_unicode_ci AUTO_INCREMENT=17 ;

--
-- Dumping data for table `de_product`
--

INSERT INTO `de_product` (`id`, `hienthi`, `is_new`, `is_variant`, `is_stock`, `price`, `noibat`, `thietke`, `luotxem`, `solandathang`, `ten_vi`, `ten_en`, `slug_vi`, `slug_en`, `noidung_vi`, `noidung_en`, `thongso_vi`, `thongso_en`, `photo`, `thumb`, `xuatxu`, `baohanh`, `deleted_at`, `created_at`, `updated_at`, `title_seo_vi`, `title_seo_en`, `desc_seo_vi`, `desc_seo_en`, `keyword_seo_vi`, `keyword_seo_en`, `photo_mask`, `isDesign`, `isCase`, `isSkin`, `isDisplayHome`, `isBack`, `photo_back`, `photo_back_mask`, `isCircleLayer`, `photo_circle`, `photo_circle_mask`) VALUES
(12, 1, 1, 0, 1, 150000.00, 1, 0, 102, 0, 'Design Case premium IP6', '', 'design-case-premium-ip6', '', '', '', '', '', '/uploads/sanpham/4EHDkUgbmGoG4mJhAjVd_case6.png', '/packages/anahkiasen/illuminage/280fcf9717c63a6c419a2e34472b27cb.png', '', '', NULL, '2015-01-22 09:28:34', '2015-09-19 13:01:10', '', '', '', '', '', '', '/uploads/sanpham/1rOPPv07lYAMnhn6A5eR_case6-plus.png', 1, 1, 0, 1, 0, '', '', 0, '', ''),
(13, 1, 1, 0, 1, 100000.00, 1, 0, 28, 0, 'Test Design Case Iphone 6', '', 'test-design-case-iphone-6', '', '', '', '', '', '/uploads/sanpham/AeSSCi2diMR8ZVy229Hi_tmplcase5-type1.jpg', '/packages/anahkiasen/illuminage/e76090a1bbdf1504f552f622dffd9e29.jpg', '', '', NULL, '2015-01-28 10:28:41', '2015-09-24 07:40:03', '', '', '', '', '', '', '/uploads/sanpham/MottiW2rxCFepUE7Tbp8_tmplcase5-type1-mask.png', 1, 1, 0, 1, 0, '', '', 0, '', ''),
(15, 1, 1, 0, 1, 200000.00, 1, 0, 715, 0, 'cup', '', 'cup', '', '<div class="title_news" style="margin: 10px 0px 0px; padding: 0px 0px 10px; width: 480.015625px; float: left; font-family: arial; font-size: 12px; line-height: normal;">\r\n<p style="text-align:justify">Rời khỏi cuộc thi Hoa hậu Việt Nam 2012 với ngôi vị Á hậu 2, Hoàng Anh vẫn giữ được hình ảnh "sạch sẽ". Cô ít khi xuất hiện trong các bộ ảnh quá khêu gợi, không dính vào các scandal. Thậm chí người đẹp này còn có phong cách thời trang cũng rất an toàn, cô&nbsp;luôn tránh&nbsp;ăn vận hở hang tục tĩu, hiếm khi khoe đồ hiệu đắt tiền, ưa chuộng thời trang giá bình dân. Cũng bởi quá cẩn trọng bảo vệ hình ảnh dẫn tới sự thể hiện trước công chúng còn e dè&nbsp;nên Hoàng Anh dường như chưa thực sự nổi bật so với các hoa hậu, á hậu khác đăng quang những năm&nbsp;gần đây.&nbsp;</p>\r\n\r\n<p style="text-align:center"><img alt="" src="http://24h-static.24hstatic.com/images/2014/share-fb.gif" style="border:0px; height:20px; max-width:400px; width:67px" />&nbsp;<img alt="" src="http://24h-static.24hstatic.com/images/2014/share-gg.gif" style="border:0px; height:20px; max-width:400px; width:67px" /><img alt="Á hậu Hoàng Anh đón tuổi 22 bằng bộ ảnh nội y gợi cảm - 1" class="news-image" id="news-image-id-0" src="http://24h-img.24hstatic.com/upload/3-2015/images/2015-08-19/1439971897-1439970050-a.jpg" style="border:0px; max-width:400px" /></p>\r\n\r\n<p style="text-align:center">Á hậu Hoàng Anh thực hiện bộ ảnh đánh dấu tuổi 22</p>\r\n\r\n<p style="text-align:justify">Hôm nay (19/8) là sinh nhật của á&nbsp;hậu Hoàng Anh. Nhân dịp&nbsp;kỷ niệm ngày bước sang tuổi 22, cô đã thực hiện bộ ảnh gợi cảm, đánh dấu sự trưởng thành của mình sau 3 năm đăng quang Á hậu Việt Nam 2012. Dưới&nbsp;ống kính của nữ nhiếp ảnh 9X Dạ Miêu, Hoàng Anh tự tin&nbsp;khoe vẻ đẹp thanh xuân mơn mởn đầy sức sống. Người đẹp Hà thành mặc nội y và đồ ngủ, không ngại phô bày đường cong quyến rũ.&nbsp;</p>\r\n\r\n<p style="text-align:justify">Hoàng Anh bộc bạch vào&nbsp;thời điểm đăng quang, cô từng mất tự ti vì thân hình quá mũm mĩm. Tuy nhiên, khi đã giảm cân thành công, cô đã&nbsp;tự&nbsp;<a class="TextlinkBaiviet" href="http://www.24h.com.vn/" style="text-decoration: none; color: rgb(0, 0, 255);">tin</a>&nbsp;hơn với&nbsp;cơ thể của mình. Đã nửa năm im ắng, lần này, khi trở lại showbiz, Hoàng Anh đã có định hướng rõ ràng hơn ở phong cách bản thân. Cô sẽ&nbsp;tích cực đẩy mạnh hình ảnh theo hướng sexy&nbsp;hiện đại.&nbsp;</p>\r\n\r\n<p style="text-align:justify"><em>Cùng ngắm nhìn những hình ảnh xinh đẹp, trưởng thành của Hoàng Anh:</em></p>\r\n\r\n<p style="text-align:center"><img alt="" src="http://24h-static.24hstatic.com/images/2014/share-fb.gif" style="border:0px; height:20px; max-width:400px; width:67px" />&nbsp;<img alt="" src="http://24h-static.24hstatic.com/images/2014/share-gg.gif" style="border:0px; height:20px; max-width:400px; width:67px" /><img alt="Á hậu Hoàng Anh đón tuổi 22 bằng bộ ảnh nội y gợi cảm - 2" class="news-image" id="news-image-id-1" src="http://24h-img.24hstatic.com/upload/3-2015/images/2015-08-19/1439971897-1439970050-a1.jpg" style="border:0px; max-width:400px" /></p>\r\n\r\n<p style="text-align:center">Cô mặc nội y khoe cơ thể tràn ngập vẻ đẹp thanh xuân</p>\r\n\r\n<p style="text-align:center"><img alt="" src="http://24h-static.24hstatic.com/images/2014/share-fb.gif" style="border:0px; height:20px; max-width:400px; width:67px" />&nbsp;<img alt="" src="http://24h-static.24hstatic.com/images/2014/share-gg.gif" style="border:0px; height:20px; max-width:400px; width:67px" /><img alt="Á hậu Hoàng Anh đón tuổi 22 bằng bộ ảnh nội y gợi cảm - 3" class="news-image" id="news-image-id-2" src="http://24h-img.24hstatic.com/upload/3-2015/images/2015-08-19/1439971897-1439970050-a2.jpg" style="border:0px; max-width:400px" /></p>\r\n\r\n<p style="text-align:center"><img alt="" src="http://24h-static.24hstatic.com/images/2014/share-fb.gif" style="border:0px; height:20px; max-width:400px; width:67px" />&nbsp;<img alt="" src="http://24h-static.24hstatic.com/images/2014/share-gg.gif" style="border:0px; height:20px; max-width:400px; width:67px" /><img alt="Á hậu Hoàng Anh đón tuổi 22 bằng bộ ảnh nội y gợi cảm - 4" class="news-image" id="news-image-id-3" src="http://24h-img.24hstatic.com/upload/3-2015/images/2015-08-19/1439971897-1439970050-a3.jpg" style="border:0px; max-width:400px" /></p>\r\n</div>\r\n', '', '', '', '/uploads/sanpham/jVrTVooxQCNJwSfBDMmJ_espresso-cup.jpg', '/packages/anahkiasen/illuminage/a009f7fdf4d266b29dac9ab4a56798e1.jpg', '', '', NULL, '2015-03-14 09:55:39', '2016-03-19 05:49:26', '', '', '', '', '', '', '/uploads/sanpham/wEI5Hu3m9lYrSt5y1fHF_espresso-cup - mask.png', 1, 1, 0, 1, 1, '/uploads/sanpham/ESQnPS21bvn7TzXadSpW_Ly Su  Minh Long.jpg.jpg', '/uploads/sanpham/oRgXOhgBUlr3WQpEio2d_Ly Su  Minh Long.jpg.png', 1, '/uploads/sanpham/JJsCHxatmvHxbZOG9xKH_lysu.png', '/uploads/sanpham/7n3hicS3SN7aNNHUmLy1_lysu-vong.png'),
(16, 1, 1, 0, 1, 200000.00, 1, 0, 647, 0, 'Skin Iphone 6 - premium', '', 'skin-iphone-6-premium', '', '', '', '', '', '/uploads/sanpham/xM0YJ1yguljhm0uRZOz0_2o5gko1urz.png', '/packages/anahkiasen/illuminage/78e280d012157cebd7f7889e19822045.png', '', '', NULL, '2015-03-27 08:28:56', '2016-04-20 09:07:49', '', '', '', '', '', '', '/uploads/sanpham/8MpUOhXmMvC5o3GE7ad2_6s-mask1.png', 1, 0, 1, 1, 1, '/uploads/sanpham/wXVVEaNdrN7wCrAu3tA7_6s.png', '/uploads/sanpham/lIaUSOLb5cVMcLFp3ZSj_6s-front-mask11.png', 0, '', '');

-- --------------------------------------------------------

--
-- Table structure for table `de_productimages`
--

CREATE TABLE IF NOT EXISTS `de_productimages` (
  `id` int(10) unsigned NOT NULL AUTO_INCREMENT,
  `ten_vi` varchar(255) COLLATE utf8_unicode_ci NOT NULL,
  `ten_en` varchar(255) COLLATE utf8_unicode_ci NOT NULL,
  `photo` varchar(255) COLLATE utf8_unicode_ci NOT NULL,
  `thumb` varchar(255) COLLATE utf8_unicode_ci NOT NULL,
  `caption_vi` varchar(255) COLLATE utf8_unicode_ci NOT NULL,
  `caption_en` varchar(255) COLLATE utf8_unicode_ci NOT NULL,
  `alt_vi` varchar(255) COLLATE utf8_unicode_ci NOT NULL,
  `alt_en` varchar(255) COLLATE utf8_unicode_ci NOT NULL,
  `id_product` int(10) unsigned NOT NULL,
  `created_at` timestamp NOT NULL DEFAULT '0000-00-00 00:00:00',
  `updated_at` timestamp NOT NULL DEFAULT '0000-00-00 00:00:00',
  PRIMARY KEY (`id`),
  KEY `de_productimages_id_product_foreign` (`id_product`)
) ENGINE=InnoDB  DEFAULT CHARSET=utf8 COLLATE=utf8_unicode_ci AUTO_INCREMENT=3 ;

--
-- Dumping data for table `de_productimages`
--

INSERT INTO `de_productimages` (`id`, `ten_vi`, `ten_en`, `photo`, `thumb`, `caption_vi`, `caption_en`, `alt_vi`, `alt_en`, `id_product`, `created_at`, `updated_at`) VALUES
(1, '', '', '/uploads/sanpham/oLoBXMXLqKUGgQJpRx8P_20368-NSM5P7.png', 'packages/anahkiasen/illuminage/8bde24c57c79f8eb407cfe826f7cb9ad.png', '', '', '', '', 15, '2015-08-19 04:50:30', '2015-08-19 04:50:30'),
(2, '', '', '/uploads/sanpham/cklHRXGj0rjvJ8uqJv0h_b9ed3379e9f649c319e59b2929e4f90b.jpg', 'packages/anahkiasen/illuminage/546c8a09578f34996f1f86d4e942bb49.jpg', '', '', '', '', 15, '2015-08-19 04:54:08', '2015-08-19 04:54:08');

-- --------------------------------------------------------

--
-- Table structure for table `de_product_category`
--

CREATE TABLE IF NOT EXISTS `de_product_category` (
  `id_product` int(10) unsigned NOT NULL,
  `id_category` int(10) unsigned NOT NULL,
  PRIMARY KEY (`id_product`,`id_category`),
  KEY `de_product_category_id_category_foreign` (`id_category`)
) ENGINE=InnoDB DEFAULT CHARSET=utf8 COLLATE=utf8_unicode_ci;

--
-- Dumping data for table `de_product_category`
--

INSERT INTO `de_product_category` (`id_product`, `id_category`) VALUES
(12, 1),
(13, 1),
(15, 1),
(12, 6),
(13, 6),
(15, 6),
(16, 6),
(16, 9),
(12, 14),
(15, 14),
(12, 15),
(13, 15),
(15, 15),
(16, 18);

-- --------------------------------------------------------

--
-- Table structure for table `de_product_nhasanxuat`
--

CREATE TABLE IF NOT EXISTS `de_product_nhasanxuat` (
  `id_product` int(10) unsigned NOT NULL,
  `id_nhasanxuat` int(10) unsigned NOT NULL,
  PRIMARY KEY (`id_product`,`id_nhasanxuat`),
  KEY `de_product_nhasanxuat_id_nhasanxuat_foreign` (`id_nhasanxuat`)
) ENGINE=InnoDB DEFAULT CHARSET=utf8 COLLATE=utf8_unicode_ci;

--
-- Dumping data for table `de_product_nhasanxuat`
--

INSERT INTO `de_product_nhasanxuat` (`id_product`, `id_nhasanxuat`) VALUES
(13, 5);

-- --------------------------------------------------------

--
-- Table structure for table `de_tintuc`
--

CREATE TABLE IF NOT EXISTS `de_tintuc` (
  `id` int(10) unsigned NOT NULL AUTO_INCREMENT,
  `stt` int(11) NOT NULL,
  `id_category` varchar(100) COLLATE utf8_unicode_ci NOT NULL DEFAULT '0',
  `ten_vi` varchar(255) COLLATE utf8_unicode_ci NOT NULL,
  `ten_en` varchar(255) COLLATE utf8_unicode_ci NOT NULL,
  `slug_vi` varchar(255) COLLATE utf8_unicode_ci NOT NULL,
  `slug_en` varchar(255) COLLATE utf8_unicode_ci NOT NULL,
  `mota_vi` varchar(255) COLLATE utf8_unicode_ci NOT NULL,
  `mota_en` varchar(255) COLLATE utf8_unicode_ci NOT NULL,
  `noidung_vi` text COLLATE utf8_unicode_ci NOT NULL,
  `noidung_en` text COLLATE utf8_unicode_ci NOT NULL,
  `photo` varchar(150) COLLATE utf8_unicode_ci NOT NULL,
  `thumb` varchar(150) COLLATE utf8_unicode_ci NOT NULL,
  `hienthi` tinyint(4) NOT NULL,
  `noibat` tinyint(4) NOT NULL,
  `luotxem` int(11) NOT NULL,
  `title_seo_vi` varchar(255) COLLATE utf8_unicode_ci NOT NULL,
  `title_seo_en` varchar(255) COLLATE utf8_unicode_ci NOT NULL,
  `desc_seo_vi` varchar(255) COLLATE utf8_unicode_ci NOT NULL,
  `desc_seo_en` varchar(255) COLLATE utf8_unicode_ci NOT NULL,
  `keyword_seo_vi` varchar(255) COLLATE utf8_unicode_ci NOT NULL,
  `keyword_seo_en` varchar(255) COLLATE utf8_unicode_ci NOT NULL,
  `created_at` timestamp NOT NULL DEFAULT '0000-00-00 00:00:00',
  `updated_at` timestamp NOT NULL DEFAULT '0000-00-00 00:00:00',
  PRIMARY KEY (`id`)
) ENGINE=InnoDB  DEFAULT CHARSET=utf8 COLLATE=utf8_unicode_ci AUTO_INCREMENT=27 ;

--
-- Dumping data for table `de_tintuc`
--

INSERT INTO `de_tintuc` (`id`, `stt`, `id_category`, `ten_vi`, `ten_en`, `slug_vi`, `slug_en`, `mota_vi`, `mota_en`, `noidung_vi`, `noidung_en`, `photo`, `thumb`, `hienthi`, `noibat`, `luotxem`, `title_seo_vi`, `title_seo_en`, `desc_seo_vi`, `desc_seo_en`, `keyword_seo_vi`, `keyword_seo_en`, `created_at`, `updated_at`) VALUES
(1, 1, '2,3,5', 'Nga sửa đổi học thuyết quân sự để đối phó NATO', 'Tn Tuc', 'nga-sua-doi-hoc-thuyet-quan-su-de-doi-pho-nato', '', 'Hội đồng An ninh Nga hôm nay cho biết sẽ cập nhật học thuyết quân sự của nước này vào cuối năm nay, nhằm ứng phó với các nguy cơ như sự mở rộng liên minh NATO, kế hoạch lá chắn tên lửa từ Mỹ và cuộc khủng hoảng chính trị ở Ukraine.', '', '<p>"Chúng tôi dự định hoàn thành sửa đổi học thuyết quân sự trong năm nay", hãng tin RIA Novosti dẫn lời Mikhail Popov, Phó chủ tịch Hội đồng An ninh Nga, nói. "Tôi không có nghi ngờ nào về việc các cơ sở hạ tầng thuộc NATO xâm lấn biên giới của chúng tôi, bao gồm mở rộng liên minh, sẽ thuộc nhóm những nguy cơ quân sự lớn nhất với Liên bang Nga". Một nhóm đặc biệt đã được thiết lập theo khuôn khổ hội đồng để trình bày sửa đổi trong học thuyết quân sự Nga. Học thuyết được cập nhật lần gần đây nhất là vào năm 2010. Ông Popov cho biết học thuyết năm 2010 từng gây ra phản ứng mạnh, với việc một số quan chức Nga cấp cao nói NATO không phải là kẻ thù. "Chúng tôi đã được đảm bảo bằng những hành động thiện chí, nhưng các động thái trong thời gian gần đây lại cho thấy sự khác biệt", Popov nói. Phó chủ tịch Hội đồng An ninh Nga đánh giá quyết định xây dựng một hệ thống phòng thủ tên lửa toàn cầu để tăng cường khả năng tấn công chiến lược của Mỹ cùng đồng minh NATO cũng là sự đe dọa an ninh với Moscow. Nội dung cập nhật cũng sẽ đề cập đến "những mối đe dọa quân sự mới, có liên quan đến sự kiện Mùa xuân Arab, xung đột quân sự ở Syria, tình hình ở Ukraine và xung quanh nước này". Sửa đổi học thuyết quân sự còn tác động đến tính độc lập của Nga trong việc sản xuất vũ khí, khí tài cùng trang thiết bị quân sự khác. Quyết định sửa đổi học thuyết quân sự được Moscow đưa ra sau khi liên minh quân sự NATO muốn thiết lập một lực lượng phản ứng nhanh, có thể được điều động đến điểm nóng tại khu vực trong ít nhất hai ngày, để đối phó với cuộc khủng hoảng Ukraine. Trên thực tế, NATO đã có sẵn một lực lượng phản ứng nhanh, nhưng nó phải mất năm ngày để di chuyển tới các địa điểm cần thiết. Thiết lập các lực lượng mới là một trong những biện pháp thuộc "kế hoạch hành động sẵn sàng" mà NATO sẽ thông qua tại Hội nghị thượng đỉnh được tổ chức ở xứ Wales vào ngày 4/9, nhằm xử lý tình hình Ukraine hiện nay.</p>\r\n', '', '/uploads/tintuc/20VTqDIg1ndSoPGqO63s_A Twist In My Story (Deluxe Edition).jpg', 'packages/anahkiasen/illuminage/a2d5045d216552fd345e7041d763ef03.jpg', 1, 0, 0, 'Nga sửa đổi học thuyết quân sự để đối phó NATO', '', 'quan su nato', '', 'quan su, nato', '', '0000-00-00 00:00:00', '2015-03-22 01:28:19'),
(2, 0, '5', 'Tập đoàn Thái Lan rót thêm 530 triệu USD vào Việt Nam', '', 'tap-doan-thai-lan-rot-them-530-trieu-usd-vao-viet-nam', '', 'Tổng số vốn đầu tư trên sẽ dùng để xây Khu công nghệ cao và Khu đô thị dịch vụ tại Đồng Nai. Nơi đây cũng được kỳ vọng trở thành Trung tâm tài chính của châu Á.', '', 'Trao đổi với VnExpress.net, ông Huỳnh Ngọc Phiên, Tổng giám đốc Công ty cổ phần Amata Việt Nam (Thuộc Tập đoàn Amata Thái Lan) cho biết, đơn vị vừa hoàn thành ký kết thỏa thuận hợp tác với UBND tỉnh Đồng Nai triển khai dự án Khu công nghệ cao và Khu đô thị dịch vụ tại huyện Long Thành (tỉnh Đồng Nai).\r\n\r\nDự án có tên gọi Amata Express City, tổng vốn đầu tư 530 triệu USD, dự kiến được triển khai trên quy mô 1.285 ha. Trong đó, 410 ha dành cho khu công nghiệp công nghệ cao, phần còn lại dành cho khu đô thị dịch vụ, dân cư, trung tâm tài chính... Dự án này Amata sẽ nắm giữ 80,5%, còn Tổng công ty phát triển khu công nghiệp Sonadezi (tỉnh Đồng Nai) là 19,5%.\r\n\r\nÔng Phiên cho biết thêm, hiện dự án đang trong quá trình thẩm định lại toàn bộ địa hình để bắt đầu xây dựng vào năm 2016. Dự kiến sau 10 năm nữa sẽ hoàn thành.\r\n\r\n"Đây là dự án nằm khá gần với sân bay Long Thành trong tương lai. Theo các nhà đầu tư trong khu vực, xu hướng chuyển dịch trung tâm tài chính từ Hồng Kông sang Bangkok hay Singapore đang ngày càng mạnh mẽ. Tuy nhiên, nếu Việt Nam đón đầu được xu hướng này, nơi đây sẽ là trung tâm tài chính của châu Á trong tương lai", ông Phiên nhận định.\r\n\r\nNăm 2003, dự án đã được đề xuất với quy mô 4.000ha, nhưng do còn nhiều vấn đề trục trặc nên chưa thể tiến hành. Vài năm gần đây, quỹ đất dành cho dự án đã thu hẹp chỉ còn trên 1.000ha, vì vậy quy mô dự án đã giảm xuống nhiều lần so với dự định trước đây. "Tập đoàn đang tìm thêm nhà đầu tư chiến lược để cùng nhau phối hợp đẩy nhanh tiến độ dự án nhanh đến mức có thể", ông Phiên nói.', '', '/uploads/tintuc/Nu0sS8AxDbhVO7Kl6pUu_Christina Grimmie.png', 'packages/anahkiasen/illuminage/3a97dabe2f61220c0d47bd89acc004f4.png', 1, 1, 5, 'Tập đoàn Thái Lan rót thêm 530 triệu USD vào Việt Nam', '', '', '', '', '', '0000-00-00 00:00:00', '2014-09-03 23:51:49'),
(19, 0, '0', 'Quy định và Policy', '', 'quy-dinh-va-policy', '', 'Ba thành viên cấp cao của tổ chức khủng bố Nhà nước Hồi giáo, trong đó có trợ lý của thủ lĩnh tối cao, đã bị giết trong một cuộc không kích của Mỹ ở Iraq.', '', '<p>NBC News dẫn tin từ các quan chức an ninh Iraq cho biết, Abu Hajar Al-Sufi, là nhân vật cấp cao nhất của Nhà nước Hồi giáo (IS) bị tiêu diệt trong cuộc tấn công trên. Tên này là trợ lý chủ chốt của thủ lĩnh tối cao IS Abu Bakr al-Baghdadi. Hai thành viên còn lại gồm một "chuyên gia về chất nổ" và một "lãnh đạo quân sự" ở thành phố phía bắc Tal Afar. Lầu Năm Góc từ chối xác nhận thông tin trên. Trong khi đó, phát ngôn viên quân đội Mỹ, đại tá Steve Warren, cho hay các cuộc không kích của Mỹ chưa nhằm vào bất cứ lãnh đạo nào của IS, nhưng có thể những kẻ này đã thiệt mạng trong các vụ tấn công nhằm ngăn chặn sự triển khai quân của tổ chức này. Mỹ đã tiến hành hơn 100 cuộc không kích vào các cứ điểm và phương tiện của IS trên khắp miền bắc Iraq trong những tuần qua theo đề xuất từ chính phủ nước này. Cuộc không kích mới nhất diễn ra sau khi IS hôm 2/9 đăng tải video quay lại cảnh chặt đầu nhà báo Mỹ thứ hai Steven Sotloff. Một video tương tự về đồng nghiệp của anh là James Foley được chúng tung ra hôm 19/8. Cái chết của Sotloff một lần nữa kéo theo những chỉ trích rằng Tổng thống Mỹ Barack Obama chưa nỗ lực hết sức để tiêu diệt nhóm khủng bố trên. Tuy nhiên, phó Tổng thống Joe Biden thề rằng nước Mỹ sẽ truy đuổi những kẻ man rợ của IS đến "cổng địa ngục".</p>\r\n', '', '/uploads/tintuc/YW8oWVF6DLO4ZvU7REA5_Nguyen Khang.jpg', 'packages/anahkiasen/illuminage/a04f6587552d77d1fe5885e4f0c7fe19.jpg', 1, 0, 2, '', '', '', '', '', '', '2014-09-04 19:14:09', '2015-02-13 09:59:53'),
(20, 0, '0', 'Cách thức giao hàng và thanh toán', '', 'cach-thuc-giao-hang-va-thanh-toan', '', '', '', '<p>Xin chào các bạn, sau khi thực hiện order, chúng tôi sẽ dựa vào các thông tin mà bạn đã điền vào form đặt hàng để liên hệ với bạn, cũng như để biết rõ địa chỉ để giao hàng được chính xác.</p>\r\n\r\n<p>Các bạn có 2 phương thức thanh toán :&nbsp;</p>\r\n\r\n<ol>\r\n	<li>Chuyển khoản vào tài khoản của shop với các nội dung như tên, số điện thoại để chúng tôi xác minh, sau khi xác minh thành công, đơn hàng sẽ được chuyển đến bạn nhanh nhất tùy thuộc vào địa chỉ của bạn.</li>\r\n	<li>Các bạn có thể đưa tiền trực tiếp khi chúng tôi giao hàng, đối với các tỉnh khác thì sẽ có thêm tiền ship cho bưu điện.</li>\r\n</ol>\r\n', '', '/uploads/tintuc/eO4nV5qbaIGuwYJvY0kh_Hear Me Now.png', 'packages/anahkiasen/illuminage/424a572af1142dc434b5e63e58495ad7.png', 1, 0, 0, '', '', '', '', '', '', '2014-09-05 03:50:03', '2015-04-12 00:49:20'),
(21, 0, '0', 'Hướng dẫn thanh toán', '', 'huong-dan-thanh-toan', '', 'Tưởng chỉ đau bụng bình thường, chị Lan mua thuốc uống và vẫn đi làm. Khi bệnh trở nặng, các bác sĩ không cứu được chị.', '', '<p>Đánh trống khai giảng và phát biểu tại THCS Nam Từ Liêm (Hà Nội), GS Nguyễn Thiện Nhân, Chủ tịch Ủy ban Trung ương Mặt trận tổ quốc Việt Nam, nguyên Bộ trưởng GD&amp;ĐT cho biết, năm 1945 Việt Nam có 95% người dân không biết đọc biết viết, đất nước có muôn vàn khó khăn. Nhưng ngày nay, Việt Nam đã là nước phát triển, tham gia sát hạch PISA 2013 đạt kết quả cao. "Một đất nước 69 năm trước không có tên trên bản đồ thế giới, nay mỗi năm xuất khẩu khoảng 20 tỷ USD gạo, xuất khẩu điện thoại cũng tương tự. Tất cả đều là nhờ giáo dục", ông Nhân nói và nhắc lại lời Chủ tịch Hồ Chí Minh rằng "một dân tộc dốt là một dân tộc yếu", "non sông Việt Nam có sánh vai với các cường quốc năm châu hay không là nhờ vào công học tập của các cháu". Gọi một học sinh lên, GS Nguyễn Thiện Nhân bất ngờ đặt câu hỏi: "Theo cháu, học để làm gì?". Cô học sinh tên Minh Thu nhanh nhảu trả lời: "Thưa bác, học là để làm người ạ". "Vậy làm người là như thế nào" - "Nghĩa là biết yêu gia đình, yêu quê hương đất nước, đóng góp sức lực xây dựng quê hương. Nếu thế hệ đầu tiên vững chắc, thì thế hệ tương lai sẽ vươn lên". Nghe câu trả lời của nữ sinh lớp 9, GS Nguyễn Thiện Nhân nhận xét: "Tôi rất vui, hài lòng và ngạc nhiên với câu trả lời của Minh Thu. Không phải ai cũng trả lời được câu hỏi “học để làm gì”, mà trả lời hay như thế là trình độ đã ngang với nguyên Bộ trưởng Giáo dục rồi đấy. Học không phải chỉ để làm người con hiếu thảo trong gia đình, mà còn để làm công dân tốt. Giáo dục phải cung cấp những con người có hiểu biết và đạo đức để xây dựng đất nước". Giáo sư cho biết, giáo dục đào tạo là quốc sách nhưng hiện ở vùng nông thôn, miền núi còn nhiều khó khăn. Số phòng học tạm bợ còn nhiều. Bình quân cho học sinh Việt Nam từ mầm non đến đại học mỗi ngày là một USD, trong khi các nước trung bình khác là 10-20 USD, nước giàu còn nhiều hơn. Vì vậy, học sinh Việt Nam phải cố gắng học cho mình, học cho Hà Nội và học cho đất nước. Mang đến trường THCS Nam Từ Liêm ba món quà, Chủ tịch Ủy ban Trung ương Mặt trận tổ quốc Việt Nam cho biết, ông tặng chiếc đồng hồ cho nhà trường với lời nhắn nhủ hãy biết trân quý thời gian. Đó là chiếc đồng hồ to nhưng không có pin. "Muốn đồng hồ chạy các thầy cô phải lên dây bằng tay mỗi tuần họp hội đồng sư phạm. Điều đó giúp nhịp sống nhà trường luôn mới mẻ hơn", GS Nhân nhắn nhủ. Hai món quà còn lại là chiếc tivi nhằm phục vụ quá trình học tập, giảng dạy của nhà trường và bức tranh lớp học những năm 60, có những học sinh đội mũ rơm. "Mũ rơm mềm, tránh được bom bi. Học sinh thời điểm này học ở dưới hầm, khi đi học đội mũ rơm trên đầu. Mấy chục năm sau người đội mũ rơm thành giáo sư. Điều đó chứng tỏ rằng với tinh thần của người Việt Nam, mũ rơm sẽ chiến thắng", nguyên Bộ trưởng Giáo dục Việt Nam nói.</p>\r\n', '', '/uploads/tintuc/D51gFYHJHQqkW84OJ20l_A Twist In My Story (Deluxe Edition).jpg', 'packages/anahkiasen/illuminage/3b83014dfe14c33f74adb28d0cc051ef.jpg', 1, 0, 0, 'Giới thiệu CMS DETROOPER.COM', '', 'Giới thiệu CMS DETROOPER.COM', '', 'Giới thiệu CMS DETROOPER.COM', '', '2014-09-05 09:03:35', '2015-02-13 09:57:23'),
(26, 0, '0', 'Hướng dẫn sử dụng tool thiết kế', '', 'huong-dan-su-dung-tool-thiet-ke', '', 'Trong những ngày qua, báo giới liên tiếp đưa tin rằng cả Chelsea và M.U đều đang muốn chiêu mộ “siêu sao” C.Ronaldo của Real Madrid trong mùa Hè tới. Đây không hẳn là nhiệm vụ bất khả thi. Sau khi giành mọi danh hiệu cao quý cùng Los Blancos, CR7 hoàn toà', '', '<h2>Is Lorem Ipsum Just a Wacky Random Thingy?</h2>\r\n\r\n<p>Well, in the first sight, it looks like it. To be honest, it also looks like it when you stare at it for hours. But you see, Lorem Ipsum is not just a Wacky Random Thingy. It has a meaning and even an actual human being author. His father is not php’s rand() function, but a famous and wise (now already old) man Cicero. Lorem Ipsum text originates from Cicero’s text titled “de Finibus Bonorum et Malorum”. No, it’s not about U2 front man Bono fighting against malaria; it’s actually a text about the extremes of the good and the evil. Text was written in 45 BC.</p>\r\n\r\n<p>45 BC is like waaaay back! But don’t you worry – our Lorem Ipsum Generator is made with 21st century technology, so it will give you perfect Lorem Ipsumish results each and every time you use it. Don’t believe it? Just try it!</p>\r\n\r\n<p>“Lorem ipsum dolor sit amet, consectetur adipisicing elit, sed do eiusmod tempor incididunt ut labore et dolore magna aliqua. Ut enim ad minim veniam, quis nostrud exercitation ullamco laboris nisi ut aliquip ex ea commodo consequat. Duis aute irure dolor in reprehenderit in voluptate velit esse cillum dolore eu fugiat nulla pariatur. Excepteur sint occaecat cupidatat non proident, sunt in culpa qui officia deserunt mollit anim id est laborum,” said our Lorem Ipsum Generator and asked if you would like it in italics, bold and with some paragraphs.</p>\r\n', '', '/uploads/tintuc/JiLNhDXezA0InH9A3641_Ronaldo.jpg', 'packages/anahkiasen/illuminage/027ca9153c2cb2a6c02cf9846d20f4fd.jpg', 1, 0, 0, 'Theo tờ Daily Mail, CR7 muốn nhận mức lương 500000 bảng/tuần để chuyển tới thi đấu cho Man Utd hoặc Chelsea.', '', 'Theo tờ Daily Mail, CR7 muốn nhận mức lương 500000 bảng/tuần để chuyển tới thi đấu cho Man Utd hoặc Chelsea.', '', 'Theo tờ Daily Mail, CR7 muốn nhận mức lương 500000 bảng/tuần để chuyển tới thi đấu cho Man Utd hoặc Chelsea.', '', '2014-09-14 00:01:52', '2015-02-13 09:56:39');

-- --------------------------------------------------------

--
-- Table structure for table `de_tintuc_category`
--

CREATE TABLE IF NOT EXISTS `de_tintuc_category` (
  `id_tintuc` int(10) unsigned NOT NULL,
  `id_category` int(10) unsigned NOT NULL,
  PRIMARY KEY (`id_tintuc`,`id_category`),
  KEY `de_tintuc_category_id_category_foreign` (`id_category`)
) ENGINE=InnoDB DEFAULT CHARSET=utf8 COLLATE=utf8_unicode_ci;

--
-- Dumping data for table `de_tintuc_category`
--

INSERT INTO `de_tintuc_category` (`id_tintuc`, `id_category`) VALUES
(1, 3),
(2, 3),
(2, 4),
(19, 17),
(20, 17),
(21, 17),
(26, 17),
(19, 28),
(20, 28),
(21, 28),
(26, 28);

-- --------------------------------------------------------

--
-- Table structure for table `groups`
--

CREATE TABLE IF NOT EXISTS `groups` (
  `id` int(10) unsigned NOT NULL AUTO_INCREMENT,
  `name` varchar(255) COLLATE utf8_unicode_ci NOT NULL,
  `permissions` text COLLATE utf8_unicode_ci,
  `created_at` timestamp NOT NULL DEFAULT '0000-00-00 00:00:00',
  `updated_at` timestamp NOT NULL DEFAULT '0000-00-00 00:00:00',
  PRIMARY KEY (`id`),
  UNIQUE KEY `groups_name_unique` (`name`)
) ENGINE=InnoDB  DEFAULT CHARSET=utf8 COLLATE=utf8_unicode_ci AUTO_INCREMENT=9 ;

--
-- Dumping data for table `groups`
--

INSERT INTO `groups` (`id`, `name`, `permissions`, `created_at`, `updated_at`) VALUES
(1, 'Supper User', '{"quanly\\/tintuc\\/delete":1,"quanly\\/tintuc\\/edit\\/{id}":1,"quanly":1,"quanly\\/tintuc\\/add":1,"quanly\\/tintuc\\/save":1,"quanly\\/tintuc\\/storage":1,"quanly\\/groups":1,"quanly\\/groups\\/edit\\/{id}":1,"quanly\\/groups\\/addPermission":1,"quanly\\/groups\\/getListRoutes":1,"quanly\\/chuyenmuc":1,"quanly\\/chuyenmuc\\/add":1,"quanly\\/chuyenmuc\\/storage":1,"quanly\\/chuyenmuc\\/delete":1,"quanly\\/chuyenmuc\\/save":1,"quanly\\/users":1,"quanly\\/users\\/edit\\/{id}":1,"quanly\\/logout":1,"quanly\\/users\\/editUserPermission":1,"quanly\\/users\\/adduspermission":1,"quanly\\/gioithieu":1,"quanly\\/gioithieu\\/add":1,"quanly\\/gioithieu\\/edit\\/{id}":1,"quanly\\/gioithieu\\/save":1,"quanly\\/gioithieu\\/delete":1,"quanly\\/gioithieu\\/storage":1,"quanly\\/dmsp":1,"quanly\\/dmsp\\/add":1,"quanly\\/dmsp\\/storage":1,"quanly\\/dmsp\\/edit\\/{id}":1,"quanly\\/dmsp\\/save":1,"quanly\\/dmsp\\/delete":1,"quanly\\/sanpham":1,"quanly\\/sanpham\\/storage":1,"quanly\\/sanpham\\/edit\\/{id}":1,"quanly\\/sanpham\\/save":1,"quanly\\/sanpham\\/delete":1,"quanly\\/media":1,"quanly\\/media\\/delete":1,"quanly\\/checklogin":1,"quanly\\/tintuc":1,"quanly\\/chuyenmuc\\/edit\\/{id}":1,"quanly\\/sanpham\\/add":1,"quanly\\/media\\/add":1,"quanly\\/media\\/storage":1,"quanly\\/media\\/edit\\/{id}":1,"quanly\\/media\\/save":1,"quanly\\/nsx":1,"quanly\\/nsx\\/delete":1,"quanly\\/nsx\\/storage":1,"quanly\\/nsx\\/edit\\/{id}":1,"quanly\\/nsx\\/save":1,"quanly\\/productimgs\\/sanpham\\/{id}":1,"quanly\\/productimgs\\/add\\/{id}":1,"quanly\\/productimgs\\/storage":1,"quanly\\/productimgs\\/delete":1,"quanly\\/assetmedia":1,"quanly\\/assetmedia\\/edit\\/{id}":1,"quanly\\/assetmedia\\/save":1,"quanly\\/assetmedia\\/add":1,"quanly\\/assetmedia\\/storage":1,"quanly\\/assetmedia\\/delete":1,"quanly\\/donhangs":1,"quanly\\/donhangs\\/view\\/{id}":1,"quanly\\/donhangs\\/save":1,"api\\/v1\\/getAllProduct":1,"api\\/v1\\/getAllProduct\\/create":1,"api\\/v1\\/getAllProduct\\/{getAllProduct}":1,"api\\/v1\\/getAllProduct\\/{getAllProduct}\\/edit":1,"api\\/v1\\/getProductByCate":1,"api\\/v1\\/getProductByCate\\/create":1,"api\\/v1\\/getProductByCate\\/{getProductByCate}":1,"api\\/v1\\/getProductByCate\\/{getProductByCate}\\/edit":1,"api\\/v1\\/getSpecificProducts":1,"api\\/v1\\/getSpecificProducts\\/create":1,"api\\/v1\\/getSpecificProducts\\/{getSpecificProducts}":1,"api\\/v1\\/getSpecificProducts\\/{getSpecificProducts}\\/edit":1,"api\\/v1\\/getCate":1,"api\\/v1\\/getCate\\/create":1,"api\\/v1\\/getCate\\/{getCate}":1,"api\\/v1\\/getCate\\/{getCate}\\/edit":1,"api\\/v1\\/getAllProductAllHome":1,"api\\/v1\\/getAllProductAllHome\\/create":1,"api\\/v1\\/getAllProductAllHome\\/{getAllProductAllHome}":1,"api\\/v1\\/getAllProductAllHome\\/{getAllProductAllHome}\\/edit":1,"api\\/v1\\/getAssetMediaByCate":1,"api\\/v1\\/getAssetMediaByCate\\/create":1,"api\\/v1\\/getAssetMediaByCate\\/{getAssetMediaByCate}":1,"api\\/v1\\/getAssetMediaByCate\\/{getAssetMediaByCate}\\/edit":1,"api\\/v1\\/getCateAssetMedia":1,"api\\/v1\\/getCateAssetMedia\\/create":1,"api\\/v1\\/getCateAssetMedia\\/{getCateAssetMedia}":1,"api\\/v1\\/getCateAssetMedia\\/{getCateAssetMedia}\\/edit":1,"api\\/v1\\/orders":1,"api\\/v1\\/orders\\/create":1,"api\\/v1\\/orders\\/{orders}":1,"api\\/v1\\/orders\\/{orders}\\/edit":1,"api\\/v1\\/createOrder":1,"api\\/v1\\/createOrder\\/create":1,"api\\/v1\\/createOrder\\/{createOrder}":1,"api\\/v1\\/createOrder\\/{createOrder}\\/edit":1,"api\\/v1\\/getCates":1,"api\\/v1\\/getCates\\/create":1,"api\\/v1\\/getCates\\/{getCates}":1,"api\\/v1\\/getCates\\/{getCates}\\/edit":1,"api\\/v1\\/getTroGiupArticle":1,"api\\/v1\\/getTroGiupArticle\\/create":1,"api\\/v1\\/getTroGiupArticle\\/{getTroGiupArticle}":1,"api\\/v1\\/getTroGiupArticle\\/{getTroGiupArticle}\\/edit":1,"api\\/v1\\/getContentArticle":1,"api\\/v1\\/getContentArticle\\/create":1,"api\\/v1\\/getContentArticle\\/{getContentArticle}":1,"api\\/v1\\/getContentArticle\\/{getContentArticle}\\/edit":1,"api\\/v1\\/getContentBySlug":1,"api\\/v1\\/getContentBySlug\\/create":1,"api\\/v1\\/getContentBySlug\\/{getContentBySlug}":1,"api\\/v1\\/getContentBySlug\\/{getContentBySlug}\\/edit":1,"quanly\\/users\\/saveUser":1,"special.user.suedit":1,"quanly\\/users\\/addAuto":1,"quanly\\/groups\\/addAuto":1,"quanly\\/groups\\/save":1,"quanly\\/template_donhangs":1,"quanly\\/donhangs\\/delete\\/{id}":1,"quanly\\/users\\/facebook":1,"quanly\\/users\\/getUserFacebook":1}', '0000-00-00 00:00:00', '2015-09-09 07:44:02'),
(4, 'Shop User', '', '2014-08-12 15:16:28', '2014-08-12 15:16:28'),
(5, 'Moderator Admin', '{"quanly\\/checklogin":1,"quanly":1,"quanly\\/logout":1}', '2014-08-14 12:13:25', '2015-03-24 04:51:03'),
(6, 'Customer', '', '2015-01-22 09:28:38', '2015-03-24 03:43:32'),
(7, 'Group Management Order', '{"quanly\\/checklogin":1,"quanly":1,"quanly\\/logout":1,"quanly\\/donhangs":1,"quanly\\/donhangs\\/view\\/{id}":1,"quanly\\/donhangs\\/save":1}', '2015-03-24 03:54:17', '2015-03-24 04:38:55'),
(8, 'Group Management News', '{"quanly\\/tintuc":1,"quanly\\/tintuc\\/edit\\/{id}":1,"quanly\\/tintuc\\/add":1,"quanly\\/tintuc\\/save":1,"quanly\\/tintuc\\/storage":1}', '2015-03-24 07:24:56', '2015-03-24 07:29:39');

-- --------------------------------------------------------

--
-- Table structure for table `migrations`
--

CREATE TABLE IF NOT EXISTS `migrations` (
  `migration` varchar(255) COLLATE utf8_unicode_ci NOT NULL,
  `batch` int(11) NOT NULL
) ENGINE=InnoDB DEFAULT CHARSET=utf8 COLLATE=utf8_unicode_ci;

--
-- Dumping data for table `migrations`
--

INSERT INTO `migrations` (`migration`, `batch`) VALUES
('2014_09_02_042539_create_category', 1),
('2014_09_02_044419_create_tintuc', 2),
('2012_12_06_225921_migration_cartalyst_sentry_install_users', 3),
('2012_12_06_225929_migration_cartalyst_sentry_install_groups', 3),
('2012_12_06_225945_migration_cartalyst_sentry_install_users_groups_pivot', 3),
('2012_12_06_225988_migration_cartalyst_sentry_install_throttle', 3),
('2014_09_02_093827_create_tintuc_category', 4),
('2014_09_06_021403_create_gioithieu', 5),
('2014_09_06_022843_create_softdelete_gioithieu', 6),
('2014_09_07_083449_create_product', 7),
('2014_09_07_083623_create_danhmucsanpham', 7),
('2014_09_08_140331_create_color', 8),
('2014_09_08_141117_create_product', 9),
('2014_09_08_150359_create_deproduct_category', 10),
('2014_09_08_151517_create_sanpham', 11),
('2014_09_08_151822_create_product_cate', 12),
('2014_09_09_020252_create_color_product', 13),
('2014_09_09_025338_create_media', 14),
('2014_09_09_045706_create_product_imgs', 15),
('2014_09_09_082556_create_upadteproduct', 16),
('2014_09_14_172450_create_manufacture', 17),
('2014_09_16_105023_create_product_manufacture', 18),
('2014_09_19_035324_create_productimgs', 19),
('2014_09_19_040152_create_productimgs', 20),
('2015_01_11_052550_create_update_product_image_mask', 21),
('2015_01_17_175256_asset_media', 22),
('2015_01_17_180022_asset_media_category', 23),
('2015_01_25_070538_update_sanpham_isDesign', 24),
('2015_01_25_071705_update_sanpham_isDisplayHome', 25),
('2015_01_25_130237_create_orders', 26),
('2015_01_25_150004_update_orders', 27),
('2015_01_25_170952_update_orders_phuongthuthanhtoan', 28),
('2015_01_26_163420_update_order_image_thumbOrder', 29),
('2015_02_03_152540_update_order_soluong', 30),
('2015_02_08_091550_create_order_new', 31),
('2015_03_01_034142_update_order_status', 32),
('2015_03_27_144309_add_img_back_for_product', 33),
('2015_03_28_163958_update_order_add_hasBack', 34),
('2015_03_28_165730_update_order_add_hinhminhhoaback', 35),
('2015_04_07_125507_update_type_hinh_order', 36),
('2015_05_25_150835_add_save_user_order', 37),
('2015_05_25_152228_add_save_user_order', 38),
('2015_05_29_112916_approve_order_sharing', 39),
('2015_05_30_134720_product_circle_layer', 40),
('2015_05_31_041608_order_layer_circle', 41),
('2015_09_05_145642_addMoreFiledForUers', 42),
('2015_09_05_150339_addFacebookIDForUserTable', 43),
('2015_09_05_151106_addFiledUserIDtoOrdersTable', 44);

-- --------------------------------------------------------

--
-- Table structure for table `throttle`
--

CREATE TABLE IF NOT EXISTS `throttle` (
  `id` int(10) unsigned NOT NULL AUTO_INCREMENT,
  `user_id` int(10) unsigned DEFAULT NULL,
  `ip_address` varchar(255) COLLATE utf8_unicode_ci DEFAULT NULL,
  `attempts` int(11) NOT NULL DEFAULT '0',
  `suspended` tinyint(1) NOT NULL DEFAULT '0',
  `banned` tinyint(1) NOT NULL DEFAULT '0',
  `last_attempt_at` timestamp NULL DEFAULT NULL,
  `suspended_at` timestamp NULL DEFAULT NULL,
  `banned_at` timestamp NULL DEFAULT NULL,
  PRIMARY KEY (`id`),
  KEY `throttle_user_id_index` (`user_id`)
) ENGINE=InnoDB  DEFAULT CHARSET=utf8 COLLATE=utf8_unicode_ci AUTO_INCREMENT=10 ;

--
-- Dumping data for table `throttle`
--

INSERT INTO `throttle` (`id`, `user_id`, `ip_address`, `attempts`, `suspended`, `banned`, `last_attempt_at`, `suspended_at`, `banned_at`) VALUES
(1, 1, '::1', 0, 0, 0, NULL, NULL, NULL),
(2, 1, '127.0.0.1', 0, 0, 0, NULL, NULL, NULL),
(3, 15, '127.0.0.1', 0, 0, 0, NULL, NULL, NULL),
(4, 15, '::1', 0, 0, 0, NULL, NULL, NULL),
(5, 4, '::1', 0, 0, 0, NULL, NULL, NULL),
(6, 17, '::1', 0, 0, 0, NULL, NULL, NULL),
(7, 18, '::1', 0, 0, 0, NULL, NULL, NULL),
(8, 20, '::1', 5, 1, 0, '2015-09-19 05:14:44', '2015-09-19 05:14:45', NULL),
(9, 19, '::1', 1, 0, 0, '2015-09-09 07:24:52', NULL, NULL);

-- --------------------------------------------------------

--
-- Table structure for table `users`
--

CREATE TABLE IF NOT EXISTS `users` (
  `id` int(10) unsigned NOT NULL AUTO_INCREMENT,
  `email` varchar(255) COLLATE utf8_unicode_ci NOT NULL,
  `password` varchar(255) COLLATE utf8_unicode_ci NOT NULL,
  `permissions` text COLLATE utf8_unicode_ci,
  `activated` tinyint(1) NOT NULL DEFAULT '0',
  `activation_code` varchar(255) COLLATE utf8_unicode_ci DEFAULT NULL,
  `activated_at` timestamp NULL DEFAULT NULL,
  `last_login` timestamp NULL DEFAULT NULL,
  `persist_code` varchar(255) COLLATE utf8_unicode_ci DEFAULT NULL,
  `reset_password_code` varchar(255) COLLATE utf8_unicode_ci DEFAULT NULL,
  `first_name` varchar(255) COLLATE utf8_unicode_ci DEFAULT NULL,
  `last_name` varchar(255) COLLATE utf8_unicode_ci DEFAULT NULL,
  `created_at` timestamp NOT NULL DEFAULT '0000-00-00 00:00:00',
  `updated_at` timestamp NOT NULL DEFAULT '0000-00-00 00:00:00',
  `address` varchar(500) COLLATE utf8_unicode_ci NOT NULL,
  `phone` varchar(20) COLLATE utf8_unicode_ci NOT NULL,
  `banks` text COLLATE utf8_unicode_ci NOT NULL,
  `facebookid` varchar(500) COLLATE utf8_unicode_ci NOT NULL,
  PRIMARY KEY (`id`),
  UNIQUE KEY `users_email_unique` (`email`),
  KEY `users_activation_code_index` (`activation_code`),
  KEY `users_reset_password_code_index` (`reset_password_code`)
) ENGINE=InnoDB  DEFAULT CHARSET=utf8 COLLATE=utf8_unicode_ci AUTO_INCREMENT=21 ;

--
-- Dumping data for table `users`
--

INSERT INTO `users` (`id`, `email`, `password`, `permissions`, `activated`, `activation_code`, `activated_at`, `last_login`, `persist_code`, `reset_password_code`, `first_name`, `last_name`, `created_at`, `updated_at`, `address`, `phone`, `banks`, `facebookid`) VALUES
(1, 'anhtuan1.ssp@gmail.com', '$2y$10$eAZmBLap1IE/WH6B4aX6Z.0PQK.PbERZqBAqiQIpYNPHeOzHPz2Mm', '', 1, NULL, NULL, '2015-09-19 05:21:13', '$2y$10$Tx1EUjnDI5MKI9oMw5Isfeztyiy5Bw7sBgyzZeJdqTaFKHETKsx52', NULL, 'Supper', 'Administrator', '2014-08-12 15:09:48', '2015-09-19 05:21:13', '', '', '', ''),
(4, 'admin@detroopers.com', '$2y$10$44Sm.ODpQziHVKJxyzQStu4X/rKVMxP38D2kWoaO8zhtrT6.UFGJi', '{"quanly\\/groups\\/addPermission":-1,"special.user.suedit":-1,"quanly\\/users\\/editUserPermission":-1}', 1, NULL, NULL, '2015-05-30 23:01:27', '$2y$10$7FaIbVop/tTtkUTnZkTOP.84wDvAcsLwyXr6Ot7rJ8QpDKkjinT..', NULL, 'Mod', 'Quản Trị', '2014-08-13 12:37:42', '2015-05-30 23:01:27', '', '', '', ''),
(9, 'mod@detroopers.com', '$2y$10$7rpKLZlP1i24GeSZZx1Ia..dKjKRTFFj65YfiP/UmvIUIX6tiiMT6', '', 1, NULL, NULL, '2014-08-20 04:17:58', '$2y$10$fXEkbYBxUjzZMiXdO56pWejJ139w2IWZcUAn62TDc9XVUl9Xo7T0O', NULL, 'Mod', 'Cu TIn', '2014-08-14 12:20:59', '2014-08-20 04:17:58', '', '', '', ''),
(14, 'mod_tin_tuc@detroopers.com', '$2y$10$VfyP0fcG9Mx0hhL4AfPSUuBfyIoVZfYx3ApSp0rV9oZtY.J05okH2', '', 1, NULL, NULL, NULL, NULL, NULL, 'Phụ Trách ', 'Tin Tức', '2014-08-20 02:31:53', '2014-08-24 04:00:09', '', '', '', ''),
(15, 'thuanho@gmail.com', '$2y$10$DADJph9QfuR69bBuj3FwSOU/SAkHHH1Vh2GreqSAu.C1CC0qBBN1K', '{"quanly\\/users\\/adduspermission":-1,"quanly\\/users\\/editUserPermission":-1,"special.user.suedit":-1}', 1, NULL, NULL, '2015-03-21 11:25:11', '$2y$10$3UUsT/5pfLqDbsSWjaoWjuZbbs.oRWFWJNKXkxETBGUeBqHFufUuy', NULL, 'Thuận', 'Hồ', '2015-01-21 06:51:48', '2015-03-24 03:40:57', '', '', '', ''),
(16, 'tintuc@detroopers.com', '$2y$10$a4Mvnm/7ocrYpmIcj/FODepVYWc3RoU5lO6QMM3Wl0VhA8CDzCowu', NULL, 1, NULL, NULL, NULL, NULL, NULL, 'Mod ', 'Tin tức', '2015-03-24 02:01:02', '2015-03-24 07:30:50', '', '', '', ''),
(17, 'order@detroopers.com', '$2y$10$e1MbGK4xltM1Wt84rJ7dduXIdEo4iWcu6Y9Z3Iie3sjhfOvw2daRe', '{"quanly":1,"quanly\\/checklogin":1}', 1, NULL, NULL, '2015-03-24 04:51:26', '$2y$10$LDuUlfP9pOIOh1ZA/n8eW.v2EjnllAG06YanO/etdWBibOMefBjXG', NULL, 'Mod', 'Orders', '2015-03-24 02:02:07', '2015-03-24 07:30:11', '', '', '', ''),
(18, 'tuantruong@detroopers.com', '$2y$10$DYsYPC2j/F/oaLyHSlFP9uXoyLj.ShIZfCdHi3NoN.r1rkjr5DOcO', NULL, 1, NULL, NULL, '2015-04-26 09:41:01', '$2y$10$6B/y3lMlxkTVN94LvSaqmuhYmjUOXYC7QanNaup1W8A0.sg99rOiG', NULL, 'Tuan', 'Truong', '2015-03-28 01:38:33', '2015-04-26 09:41:01', '', '', '', ''),
(19, 'truongatuanvn@yahoo.com.vn', '$2y$10$HX/up0anKL5wcP5r4pzthesBO9K3xAlS4lwYSkKBixMkfeR8rhEDq', NULL, 0, NULL, NULL, NULL, NULL, NULL, 'Tuan', 'Truong', '2015-09-05 08:27:04', '2015-09-05 08:27:04', '373-375 CMT8 - Tô Hiến Thành, Quận 10', '01282577477', '', '970883879607313'),
(20, 'anhtuan.ssp@gmail.com', '$2y$10$2rUG7nt8R6Zi/d3MPSPvB./1Gd4MzQ6UBOJJ2FB7kreIv5OPNrnCu', NULL, 0, NULL, NULL, NULL, NULL, NULL, 'Văn Đồng', 'Phạm', '2015-09-05 23:02:57', '2015-09-05 23:02:57', '', '', '', '1492336091077406');

-- --------------------------------------------------------

--
-- Table structure for table `users_groups`
--

CREATE TABLE IF NOT EXISTS `users_groups` (
  `user_id` int(10) unsigned NOT NULL,
  `group_id` int(10) unsigned NOT NULL,
  PRIMARY KEY (`user_id`,`group_id`)
) ENGINE=InnoDB DEFAULT CHARSET=utf8 COLLATE=utf8_unicode_ci;

--
-- Dumping data for table `users_groups`
--

INSERT INTO `users_groups` (`user_id`, `group_id`) VALUES
(0, 0),
(1, 1),
(4, 1),
(9, 5),
(14, 5),
(15, 1),
(16, 5),
(16, 8),
(17, 5),
(17, 7),
(18, 1);

--
-- Constraints for dumped tables
--

--
-- Constraints for table `de_assetmedia_category`
--
ALTER TABLE `de_assetmedia_category`
  ADD CONSTRAINT `de_assetmedia_category_id_assetmedia_foreign` FOREIGN KEY (`id_assetmedia`) REFERENCES `de_assetmedia` (`id`),
  ADD CONSTRAINT `de_assetmedia_category_id_category_foreign` FOREIGN KEY (`id_category`) REFERENCES `de_category` (`id`);

--
-- Constraints for table `de_colorproduct`
--
ALTER TABLE `de_colorproduct`
  ADD CONSTRAINT `de_colorproduct_id_color_foreign` FOREIGN KEY (`id_color`) REFERENCES `de_color` (`id`),
  ADD CONSTRAINT `de_colorproduct_id_product_foreign` FOREIGN KEY (`id_product`) REFERENCES `de_product` (`id`);

--
-- Constraints for table `de_productimages`
--
ALTER TABLE `de_productimages`
  ADD CONSTRAINT `de_productimages_id_product_foreign` FOREIGN KEY (`id_product`) REFERENCES `de_product` (`id`);

--
-- Constraints for table `de_product_category`
--
ALTER TABLE `de_product_category`
  ADD CONSTRAINT `de_product_category_id_category_foreign` FOREIGN KEY (`id_category`) REFERENCES `de_danhmucsanpham` (`id`),
  ADD CONSTRAINT `de_product_category_id_product_foreign` FOREIGN KEY (`id_product`) REFERENCES `de_product` (`id`);

--
-- Constraints for table `de_product_nhasanxuat`
--
ALTER TABLE `de_product_nhasanxuat`
  ADD CONSTRAINT `de_product_nhasanxuat_id_nhasanxuat_foreign` FOREIGN KEY (`id_nhasanxuat`) REFERENCES `de_nhasanxuat` (`id`),
  ADD CONSTRAINT `de_product_nhasanxuat_id_product_foreign` FOREIGN KEY (`id_product`) REFERENCES `de_product` (`id`);

--
-- Constraints for table `de_tintuc_category`
--
ALTER TABLE `de_tintuc_category`
  ADD CONSTRAINT `de_tintuc_category_id_category_foreign` FOREIGN KEY (`id_category`) REFERENCES `de_category` (`id`),
  ADD CONSTRAINT `de_tintuc_category_id_tintuc_foreign` FOREIGN KEY (`id_tintuc`) REFERENCES `de_tintuc` (`id`);

/*!40101 SET CHARACTER_SET_CLIENT=@OLD_CHARACTER_SET_CLIENT */;
/*!40101 SET CHARACTER_SET_RESULTS=@OLD_CHARACTER_SET_RESULTS */;
/*!40101 SET COLLATION_CONNECTION=@OLD_COLLATION_CONNECTION */;
